1,251,196,220,244,239,263,201,0,0,0,0,0,0,0
2,47,50,44,47,62,64,48,0,0,0,0,0,0,0
3,72,71,74,92,106,105,66,0,0,0,0,0,0,0
4,89,110,62,104,197,206,95,0,0,0,0,0,0,0
5,256,212,229,194,189,195,287,0,0,0,0,0,0,0
6,97,97,99,119,103,105,97,0,0,0,0,0,0,0
7,122,101,117,133,167,190,113,0,0,0,0,0,0,0
8,65,75,67,65,72,70,56,0,0,0,0,0,0,0
9,205,204,221,203,254,292,237,0,0,0,0,0,0,0
10,88,113,82,85,91,111,96,0,0,0,0,0,0,0
11,96,96,86,90,64,68,95,0,0,0,0,0,0,0
12,43,55,63,61,75,80,52,0,0,0,0,0,0,0
13,250,253,237,247,221,243,250,0,0,0,0,0,0,0
14,58,57,52,45,66,50,61,0,0,0,0,0,0,0
15,117,121,128,141,190,198,130,0,0,0,0,0,0,0
16,46,42,46,58,47,44,40,0,0,0,0,0,0,0
17,84,80,82,92,125,111,83,0,0,0,0,0,0,0
18,76,71,86,93,107,100,85,0,0,0,0,0,0,0
19,146,139,158,144,191,219,150,0,0,0,0,0,0,0
20,164,149,153,147,139,132,162,0,0,0,0,0,0,0
21,68,72,70,84,131,123,79,0,0,0,0,0,0,0
22,96,113,99,126,121,119,103,0,0,0,0,0,0,0
23,26,28,27,30,14,11,30,0,0,0,0,0,0,0
24,71,72,78,92,112,116,66,0,0,0,0,0,0,0
25,114,114,109,138,149,129,109,0,0,0,0,0,0,0
26,58,69,72,61,138,144,56,0,0,0,0,0,0,0
27,84,87,86,82,87,84,91,0,0,0,0,0,0,0
28,61,60,65,76,88,91,60,0,0,0,0,0,0,0
29,82,85,92,123,198,188,99,0,0,0,0,0,0,0
30,33,46,42,49,48,59,45,0,0,0,0,0,0,0
31,302,348,236,303,565,534,323,0,0,0,0,0,0,0
32,403,449,416,432,162,93,440,0,0,0,0,0,0,0
33,61,65,59,63,114,92,61,0,0,0,0,0,0,0
34,357,350,322,445,552,469,366,0,0,0,0,0,0,0
35,138,138,177,142,196,219,137,0,0,0,0,0,0,0
36,65,68,67,61,69,84,60,0,0,0,0,0,0,0
37,210,204,207,213,261,326,186,0,0,0,0,0,0,0
38,114,96,101,104,56,53,99,0,0,0,0,0,0,0
39,225,218,227,243,300,309,239,0,0,0,0,0,0,0
40,98,73,81,82,95,115,76,0,0,0,0,0,0,0
41,177,141,146,197,317,371,150,0,0,0,0,0,0,0
42,75,75,75,80,92,87,84,0,0,0,0,0,0,0
43,62,70,66,92,69,89,69,0,0,0,0,0,0,0
44,55,57,63,61,67,70,59,0,0,0,0,0,0,0
45,33,30,29,37,55,52,26,0,0,0,0,0,0,0
46,173,174,180,175,163,167,186,0,0,0,0,0,0,0
47,166,173,155,165,83,87,145,0,0,0,0,0,0,0
48,382,384,358,411,541,564,369,0,0,0,0,0,0,0
49,393,382,376,380,553,630,460,0,0,0,0,0,0,0
50,67,60,61,62,69,78,69,0,0,0,0,0,0,0
51,65,68,70,70,34,33,70,0,0,0,0,0,0,0
52,46,54,49,74,135,112,50,0,0,0,0,0,0,0
53,126,117,128,150,132,121,118,0,0,0,0,0,0,0
54,316,313,306,315,319,307,334,0,0,0,0,0,0,0
55,332,331,349,400,361,355,333,0,0,0,0,0,0,0
56,61,68,64,67,94,72,59,0,0,0,0,0,0,0
57,254,277,298,298,266,274,279,0,0,0,0,0,0,0
58,1556,1498,1641,1585,1836,1952,1671,0,0,0,0,0,0,0
59,153,166,171,254,170,177,181,0,0,0,0,0,0,0
60,150,161,151,177,174,160,155,0,0,0,0,0,0,0
61,74,88,85,95,103,111,79,0,0,0,0,0,0,0
62,78,75,74,86,98,98,77,0,0,0,0,0,0,0
63,238,195,188,203,211,254,200,0,0,0,0,0,0,0
64,144,157,135,128,113,109,158,0,0,0,0,0,0,0
65,317,318,322,359,507,604,341,0,0,0,0,0,0,0
66,59,60,63,96,79,89,61,0,0,0,0,0,0,0
67,56,58,44,70,93,86,51,0,0,0,0,0,0,0
68,53,58,57,55,63,62,61,0,0,0,0,0,0,0
69,89,93,99,121,139,132,91,0,0,0,0,0,0,0
70,50,53,46,60,78,81,46,0,0,0,0,0,0,0
71,158,160,161,181,135,135,149,0,0,0,0,0,0,0
72,458,479,485,506,558,556,526,0,0,0,0,0,0,0
73,100,81,102,102,100,111,88,0,0,0,0,0,0,0
74,109,110,107,122,127,146,111,0,0,0,0,0,0,0
75,94,88,75,88,74,92,76,0,0,0,0,0,0,0
76,37,39,34,34,100,59,54,0,0,0,0,0,0,0
77,101,118,110,144,111,129,119,0,0,0,0,0,0,0
78,56,57,56,52,48,54,56,0,0,0,0,0,0,0
79,163,151,146,144,51,62,161,0,0,0,0,0,0,0
80,56,66,73,63,67,87,71,0,0,0,0,0,0,0
81,121,98,105,98,104,111,111,0,0,0,0,0,0,0
82,107,112,110,118,95,91,115,0,0,0,0,0,0,0
83,121,114,117,142,185,185,102,0,0,0,0,0,0,0
84,174,170,178,188,259,266,154,0,0,0,0,0,0,0
85,69,60,56,80,112,107,62,0,0,0,0,0,0,0
86,129,116,117,121,169,168,119,0,0,0,0,0,0,0
87,133,136,123,114,21,25,132,0,0,0,0,0,0,0
88,406,470,415,515,597,613,405,0,0,0,0,0,0,0
89,40,44,50,55,85,68,46,0,0,0,0,0,0,0
90,220,200,210,249,326,347,199,0,0,0,0,0,0,0
91,88,99,82,89,117,122,87,0,0,0,0,0,0,0
92,112,109,106,148,212,184,121,0,0,0,0,0,0,0
93,170,161,193,151,137,96,175,0,0,0,0,0,0,0
94,105,103,90,97,77,76,103,0,0,0,0,0,0,0
95,101,94,99,106,86,86,98,0,0,0,0,0,0,0
96,112,111,123,127,139,143,127,0,0,0,0,0,0,0
97,175,152,168,184,181,196,199,0,0,0,0,0,0,0
98,77,74,84,81,101,88,77,0,0,0,0,0,0,0
99,68,58,60,58,40,55,69,0,0,0,0,0,0,0
100,393,384,388,418,389,280,379,0,0,0,0,0,0,0
101,119,125,108,127,161,180,137,0,0,0,0,0,0,0
102,129,123,133,124,124,142,130,0,0,0,0,0,0,0
103,76,80,69,74,77,66,58,0,0,0,0,0,0,0
104,109,103,105,123,103,78,90,0,0,0,0,0,0,0
105,79,71,74,106,161,175,76,0,0,0,0,0,0,0
106,60,60,61,68,66,61,67,0,0,0,0,0,0,0
107,59,68,56,101,210,202,77,0,0,0,0,0,0,0
108,90,77,85,104,132,140,86,0,0,0,0,0,0,0
109,102,112,114,109,104,105,106,0,0,0,0,0,0,0
110,162,163,140,150,144,130,134,0,0,0,0,0,0,0
111,61,65,70,76,89,74,71,0,0,0,0,0,0,0
112,107,116,117,123,152,156,121,0,0,0,0,0,0,0
113,154,163,143,158,89,124,142,0,0,0,0,0,0,0
114,614,604,619,721,470,526,591,0,0,0,0,0,0,0
115,435,441,438,424,386,419,442,0,0,0,0,0,0,0
116,462,462,503,391,375,421,498,0,0,0,0,0,0,0
117,122,117,112,149,242,243,111,0,0,0,0,0,0,0
118,83,81,84,73,28,27,88,0,0,0,0,0,0,0
119,41,39,37,63,97,83,42,0,0,0,0,0,0,0
120,253,250,256,253,308,391,271,0,0,0,0,0,0,0
121,55,48,57,61,59,60,38,0,0,0,0,0,0,0
122,55,52,62,67,68,74,53,0,0,0,0,0,0,0
123,96,102,91,99,113,109,98,0,0,0,0,0,0,0
124,366,367,383,360,404,504,404,0,0,0,0,0,0,0
125,35,35,31,48,70,53,34,0,0,0,0,0,0,0
126,111,105,107,105,103,93,119,0,0,0,0,0,0,0
127,68,52,47,57,102,89,41,0,0,0,0,0,0,0
128,50,58,48,61,70,76,54,0,0,0,0,0,0,0
129,189,190,203,205,270,271,185,0,0,0,0,0,0,0
130,301,297,259,283,357,365,296,0,0,0,0,0,0,0
131,51,53,62,56,68,61,65,0,0,0,0,0,0,0
132,51,54,61,75,90,77,56,0,0,0,0,0,0,0
133,99,96,100,110,75,66,113,0,0,0,0,0,0,0
134,411,432,394,378,336,360,443,0,0,0,0,0,0,0
135,174,149,157,168,160,161,174,0,0,0,0,0,0,0
136,103,99,98,111,89,81,104,0,0,0,0,0,0,0
137,91,86,88,100,77,74,80,0,0,0,0,0,0,0
138,270,265,272,289,221,197,272,0,0,0,0,0,0,0
139,55,52,61,90,148,121,53,0,0,0,0,0,0,0
140,348,374,331,362,174,187,333,0,0,0,0,0,0,0
141,40,43,44,43,63,69,39,0,0,0,0,0,0,0
142,444,458,431,446,174,183,444,0,0,0,0,0,0,0
143,124,124,131,128,110,100,118,0,0,0,0,0,0,0
144,98,97,87,101,165,201,99,0,0,0,0,0,0,0
145,60,63,63,72,74,70,62,0,0,0,0,0,0,0
146,452,472,435,515,700,712,470,0,0,0,0,0,0,0
147,135,128,124,133,103,106,126,0,0,0,0,0,0,0
148,70,64,56,83,80,74,76,0,0,0,0,0,0,0
149,174,164,167,193,253,227,175,0,0,0,0,0,0,0
150,55,66,57,54,112,95,55,0,0,0,0,0,0,0
151,99,97,97,106,64,60,87,0,0,0,0,0,0,0
152,44,51,50,64,64,60,50,0,0,0,0,0,0,0
153,55,59,63,72,102,81,62,0,0,0,0,0,0,0
154,94,105,99,108,74,72,112,0,0,0,0,0,0,0
155,114,128,112,133,154,152,112,0,0,0,0,0,0,0
156,125,132,133,124,165,154,125,0,0,0,0,0,0,0
157,83,89,81,98,133,120,84,0,0,0,0,0,0,0
158,66,69,67,69,65,65,67,0,0,0,0,0,0,0
159,46,55,52,60,82,85,61,0,0,0,0,0,0,0
160,318,312,314,281,105,107,296,0,0,0,0,0,0,0
161,113,117,111,125,113,129,117,0,0,0,0,0,0,0
162,107,72,76,94,85,63,75,0,0,0,0,0,0,0
163,82,75,81,82,111,127,76,0,0,0,0,0,0,0
164,190,202,234,217,137,132,196,0,0,0,0,0,0,0
165,102,100,85,113,133,132,111,0,0,0,0,0,0,0
166,48,48,47,72,156,132,47,0,0,0,0,0,0,0
167,179,191,166,148,130,137,167,0,0,0,0,0,0,0
168,109,110,112,92,95,109,115,0,0,0,0,0,0,0
169,82,85,89,116,199,182,85,0,0,0,0,0,0,0
170,54,53,47,58,102,105,47,0,0,0,0,0,0,0
171,249,256,245,280,220,220,239,0,0,0,0,0,0,0
172,153,157,144,166,301,296,149,0,0,0,0,0,0,0
173,175,181,146,169,194,217,180,0,0,0,0,0,0,0
174,192,217,188,194,154,225,233,0,0,0,0,0,0,0
175,90,77,84,116,200,178,77,0,0,0,0,0,0,0
176,69,59,69,81,130,107,67,0,0,0,0,0,0,0
177,110,111,104,129,154,171,99,0,0,0,0,0,0,0
178,72,75,77,86,90,104,77,0,0,0,0,0,0,0
179,64,67,63,70,76,75,64,0,0,0,0,0,0,0
180,251,196,256,253,285,419,272,0,0,0,0,0,0,0
181,64,67,71,72,100,92,69,0,0,0,0,0,0,0
182,23,26,23,67,92,49,26,0,0,0,0,0,0,0
183,209,188,203,220,131,111,188,0,0,0,0,0,0,0
184,79,81,79,73,96,89,75,0,0,0,0,0,0,0
185,96,114,107,100,111,111,118,0,0,0,0,0,0,0
186,135,141,125,143,204,222,123,0,0,0,0,0,0,0
187,65,73,72,102,106,63,68,0,0,0,0,0,0,0
188,95,79,88,90,102,109,90,0,0,0,0,0,0,0
189,416,411,415,455,602,610,423,0,0,0,0,0,0,0
190,46,48,62,70,60,50,47,0,0,0,0,0,0,0
191,45,46,50,53,29,25,45,0,0,0,0,0,0,0
192,35,40,40,47,73,79,36,0,0,0,0,0,0,0
193,125,125,118,161,195,198,109,0,0,0,0,0,0,0
194,45,44,46,50,34,23,43,0,0,0,0,0,0,0
195,53,51,58,62,100,98,54,0,0,0,0,0,0,0
196,59,58,55,80,154,162,53,0,0,0,0,0,0,0
197,43,44,39,55,83,83,45,0,0,0,0,0,0,0
198,130,136,119,125,82,64,125,0,0,0,0,0,0,0
199,161,134,159,162,163,233,175,0,0,0,0,0,0,0
200,195,177,194,224,338,310,189,0,0,0,0,0,0,0
201,33,35,27,48,72,84,34,0,0,0,0,0,0,0
202,171,201,214,152,105,119,178,0,0,0,0,0,0,0
203,359,316,376,406,675,752,407,0,0,0,0,0,0,0
204,89,88,97,108,95,67,88,0,0,0,0,0,0,0
205,96,110,111,118,106,109,99,0,0,0,0,0,0,0
206,46,50,52,59,82,85,47,0,0,0,0,0,0,0
207,69,69,66,85,168,171,60,0,0,0,0,0,0,0
208,102,99,106,110,139,137,112,0,0,0,0,0,0,0
209,63,60,61,75,108,115,71,0,0,0,0,0,0,0
210,80,74,85,119,139,155,97,0,0,0,0,0,0,0
211,89,94,90,97,134,131,79,0,0,0,0,0,0,0
212,49,48,45,56,92,92,36,0,0,0,0,0,0,0
213,80,80,79,72,56,69,86,0,0,0,0,0,0,0
214,35,41,40,40,76,80,39,0,0,0,0,0,0,0
215,127,141,132,174,314,296,130,0,0,0,0,0,0,0
216,48,48,45,45,41,45,45,0,0,0,0,0,0,0
217,349,343,359,468,579,521,349,0,0,0,0,0,0,0
218,48,54,58,56,16,9,53,0,0,0,0,0,0,0
219,57,64,56,64,54,60,57,0,0,0,0,0,0,0
220,103,93,96,109,66,65,93,0,0,0,0,0,0,0
221,99,107,109,137,142,145,104,0,0,0,0,0,0,0
222,20,29,27,31,29,30,25,0,0,0,0,0,0,0
223,70,69,75,84,99,93,70,0,0,0,0,0,0,0
224,78,83,92,79,23,18,86,0,0,0,0,0,0,0
225,88,96,97,90,72,74,91,0,0,0,0,0,0,0
226,194,176,173,194,179,190,199,0,0,0,0,0,0,0
227,53,49,52,69,108,100,61,0,0,0,0,0,0,0
228,52,55,53,59,66,73,60,0,0,0,0,0,0,0
229,51,53,56,132,158,68,54,0,0,0,0,0,0,0
230,79,65,64,63,76,77,67,0,0,0,0,0,0,0
231,66,75,71,72,77,90,74,0,0,0,0,0,0,0
232,70,67,67,67,68,61,70,0,0,0,0,0,0,0
233,222,220,232,328,526,523,240,0,0,0,0,0,0,0
234,152,154,140,162,184,177,149,0,0,0,0,0,0,0
235,113,122,114,148,177,178,121,0,0,0,0,0,0,0
236,42,40,44,47,57,69,38,0,0,0,0,0,0,0
237,61,58,59,70,69,66,56,0,0,0,0,0,0,0
238,74,69,60,71,77,63,76,0,0,0,0,0,0,0
239,68,81,69,100,112,114,71,0,0,0,0,0,0,0
240,292,296,328,369,269,253,276,0,0,0,0,0,0,0
241,102,75,76,80,107,112,110,0,0,0,0,0,0,0
242,80,77,79,78,68,66,83,0,0,0,0,0,0,0
243,223,219,216,266,372,348,220,0,0,0,0,0,0,0
244,183,208,234,199,159,169,208,0,0,0,0,0,0,0
245,133,139,146,185,156,152,155,0,0,0,0,0,0,0
246,25,30,29,35,93,86,29,0,0,0,0,0,0,0
247,160,181,148,174,158,148,183,0,0,0,0,0,0,0
248,71,63,68,63,62,67,71,0,0,0,0,0,0,0
249,162,162,166,149,73,53,177,0,0,0,0,0,0,0
250,57,53,56,56,88,89,51,0,0,0,0,0,0,0
251,101,109,100,110,53,46,118,0,0,0,0,0,0,0
252,143,161,163,144,216,184,126,0,0,0,0,0,0,0
253,64,75,71,90,139,138,69,0,0,0,0,0,0,0
254,132,153,162,150,98,105,141,0,0,0,0,0,0,0
255,84,88,95,88,67,70,77,0,0,0,0,0,0,0
256,191,192,211,213,276,272,182,0,0,0,0,0,0,0
257,87,90,76,95,81,79,93,0,0,0,0,0,0,0
258,57,53,57,95,94,76,59,0,0,0,0,0,0,0
259,72,61,71,67,69,82,80,0,0,0,0,0,0,0
260,64,69,67,70,76,71,62,0,0,0,0,0,0,0
261,97,81,96,119,172,153,85,0,0,0,0,0,0,0
262,111,130,119,144,124,135,122,0,0,0,0,0,0,0
263,104,116,99,106,112,120,109,0,0,0,0,0,0,0
264,99,103,105,102,119,116,114,0,0,0,0,0,0,0
265,108,109,102,128,153,150,117,0,0,0,0,0,0,0
266,41,47,45,55,56,57,35,0,0,0,0,0,0,0
267,95,108,104,97,96,94,93,0,0,0,0,0,0,0
268,96,101,106,101,78,73,101,0,0,0,0,0,0,0
269,112,107,91,84,76,79,118,0,0,0,0,0,0,0
270,98,88,97,108,119,112,105,0,0,0,0,0,0,0
271,66,62,66,60,58,59,65,0,0,0,0,0,0,0
272,530,566,553,537,488,466,582,0,0,0,0,0,0,0
273,115,113,121,132,154,152,110,0,0,0,0,0,0,0
274,50,60,53,53,56,49,66,0,0,0,0,0,0,0
275,589,601,661,614,588,606,627,0,0,0,0,0,0,0
276,129,130,128,142,172,189,142,0,0,0,0,0,0,0
277,32,30,28,49,92,93,26,0,0,0,0,0,0,0
278,217,267,271,299,427,428,248,0,0,0,0,0,0,0
279,408,432,442,495,648,631,422,0,0,0,0,0,0,0
280,65,61,59,69,91,105,63,0,0,0,0,0,0,0
281,152,144,162,186,206,215,143,0,0,0,0,0,0,0
282,274,272,257,261,142,121,254,0,0,0,0,0,0,0
283,52,57,55,66,110,81,46,0,0,0,0,0,0,0
284,31,31,31,43,61,54,29,0,0,0,0,0,0,0
285,251,260,253,341,223,262,264,0,0,0,0,0,0,0
286,438,472,538,400,250,269,486,0,0,0,0,0,0,0
287,211,196,199,248,275,265,204,0,0,0,0,0,0,0
288,78,75,73,91,123,122,75,0,0,0,0,0,0,0
289,50,56,61,58,77,74,50,0,0,0,0,0,0,0
290,72,66,61,63,62,56,60,0,0,0,0,0,0,0
291,131,134,138,137,51,48,140,0,0,0,0,0,0,0
292,146,137,160,142,104,86,155,0,0,0,0,0,0,0
293,188,226,189,192,188,204,186,0,0,0,0,0,0,0
294,140,137,135,145,123,107,127,0,0,0,0,0,0,0
295,52,38,63,50,80,99,60,0,0,0,0,0,0,0
296,349,354,357,401,529,590,355,0,0,0,0,0,0,0
297,267,257,304,278,303,320,354,0,0,0,0,0,0,0
298,379,357,339,425,734,758,388,0,0,0,0,0,0,0
299,162,159,173,203,259,277,187,0,0,0,0,0,0,0
300,56,60,54,62,63,64,60,0,0,0,0,0,0,0
301,75,80,81,86,89,78,71,0,0,0,0,0,0,0
302,162,154,149,134,83,122,170,0,0,0,0,0,0,0
303,49,41,49,58,102,96,52,0,0,0,0,0,0,0
304,219,214,220,231,222,211,209,0,0,0,0,0,0,0
305,85,109,108,132,178,138,100,0,0,0,0,0,0,0
306,488,507,505,448,94,83,507,0,0,0,0,0,0,0
307,61,70,62,77,107,112,61,0,0,0,0,0,0,0
308,101,84,73,92,46,46,101,0,0,0,0,0,0,0
309,157,155,169,168,124,99,155,0,0,0,0,0,0,0
310,151,152,163,160,200,219,156,0,0,0,0,0,0,0
311,108,106,119,127,26,13,115,0,0,0,0,0,0,0
312,98,104,110,98,101,116,113,0,0,0,0,0,0,0
313,536,476,562,468,315,82,569,0,0,0,0,0,0,0
314,132,120,129,160,169,136,124,0,0,0,0,0,0,0
315,173,171,166,174,193,175,168,0,0,0,0,0,0,0
316,174,160,184,178,114,154,206,0,0,0,0,0,0,0
317,50,43,48,58,107,122,45,0,0,0,0,0,0,0
318,130,141,142,165,194,174,129,0,0,0,0,0,0,0
319,194,183,203,175,202,223,217,0,0,0,0,0,0,0
320,210,216,200,290,387,367,205,0,0,0,0,0,0,0
321,120,131,121,125,126,125,122,0,0,0,0,0,0,0
322,74,77,79,80,74,57,74,0,0,0,0,0,0,0
323,185,193,186,202,217,185,171,0,0,0,0,0,0,0
324,118,118,115,118,82,82,123,0,0,0,0,0,0,0
325,67,71,68,76,104,86,56,0,0,0,0,0,0,0
326,72,61,68,81,108,98,76,0,0,0,0,0,0,0
327,56,56,63,78,69,71,68,0,0,0,0,0,0,0
328,142,138,150,149,152,187,148,0,0,0,0,0,0,0
329,79,78,75,82,76,75,74,0,0,0,0,0,0,0
330,45,55,52,71,121,101,43,0,0,0,0,0,0,0
331,379,341,354,362,73,92,360,0,0,0,0,0,0,0
332,87,105,94,124,155,142,105,0,0,0,0,0,0,0
333,100,84,85,60,84,139,94,0,0,0,0,0,0,0
334,147,158,159,144,158,177,159,0,0,0,0,0,0,0
335,168,162,185,169,91,64,180,0,0,0,0,0,0,0
336,209,197,218,256,421,380,233,0,0,0,0,0,0,0
337,84,82,80,100,110,106,77,0,0,0,0,0,0,0
338,357,348,367,443,907,974,365,0,0,0,0,0,0,0
339,77,81,96,104,148,125,90,0,0,0,0,0,0,0
340,69,60,70,69,77,70,70,0,0,0,0,0,0,0
341,141,147,123,192,318,316,135,0,0,0,0,0,0,0
342,112,126,117,102,118,97,131,0,0,0,0,0,0,0
343,93,92,106,152,155,82,87,0,0,0,0,0,0,0
344,82,87,99,254,285,132,94,0,0,0,0,0,0,0
345,88,103,98,115,121,104,101,0,0,0,0,0,0,0
346,213,237,242,231,195,214,253,0,0,0,0,0,0,0
347,52,38,46,53,57,58,45,0,0,0,0,0,0,0
348,268,276,239,296,437,436,279,0,0,0,0,0,0,0
349,88,105,109,102,97,86,105,0,0,0,0,0,0,0
350,261,275,261,258,94,87,250,0,0,0,0,0,0,0
351,128,103,101,114,81,78,107,0,0,0,0,0,0,0
352,274,291,292,284,5,6,293,0,0,0,0,0,0,0
353,50,49,46,58,65,66,62,0,0,0,0,0,0,0
354,63,71,66,69,74,81,66,0,0,0,0,0,0,0
355,57,58,57,60,43,31,53,0,0,0,0,0,0,0
356,126,123,138,145,143,129,127,0,0,0,0,0,0,0
357,55,53,49,54,61,56,55,0,0,0,0,0,0,0
358,161,160,150,164,105,119,159,0,0,0,0,0,0,0
359,158,138,133,172,187,184,150,0,0,0,0,0,0,0
360,122,115,116,144,210,215,128,0,0,0,0,0,0,0
361,220,230,233,248,130,106,228,0,0,0,0,0,0,0
362,144,139,140,150,125,128,129,0,0,0,0,0,0,0
363,64,64,63,72,60,68,58,0,0,0,0,0,0,0
364,92,96,88,108,154,169,89,0,0,0,0,0,0,0
365,50,48,63,68,82,82,58,0,0,0,0,0,0,0
366,90,90,93,95,48,25,87,0,0,0,0,0,0,0
367,94,73,83,70,66,96,97,0,0,0,0,0,0,0
368,334,305,294,258,153,143,331,0,0,0,0,0,0,0
369,110,118,113,136,150,157,113,0,0,0,0,0,0,0
370,163,149,162,253,408,467,177,0,0,0,0,0,0,0
371,230,226,213,220,322,319,197,0,0,0,0,0,0,0
372,56,57,47,48,60,74,54,0,0,0,0,0,0,0
373,31,31,33,97,106,48,33,0,0,0,0,0,0,0
374,53,61,68,61,74,69,62,0,0,0,0,0,0,0
375,40,45,45,59,66,60,46,0,0,0,0,0,0,0
376,37,39,35,39,49,42,34,0,0,0,0,0,0,0
377,113,121,112,123,89,85,119,0,0,0,0,0,0,0
378,156,155,156,173,149,141,148,0,0,0,0,0,0,0
379,35,34,33,50,113,100,31,0,0,0,0,0,0,0
380,204,209,207,229,284,296,147,0,0,0,0,0,0,0
381,42,40,40,40,50,51,46,0,0,0,0,0,0,0
382,56,58,62,58,72,75,63,0,0,0,0,0,0,0
383,94,95,96,73,75,88,107,0,0,0,0,0,0,0
384,83,87,86,86,34,31,85,0,0,0,0,0,0,0
385,52,36,35,49,55,55,28,0,0,0,0,0,0,0
386,171,162,174,225,216,222,160,0,0,0,0,0,0,0
387,61,53,71,92,83,103,64,0,0,0,0,0,0,0
388,83,88,86,106,159,134,77,0,0,0,0,0,0,0
389,96,101,103,116,111,98,100,0,0,0,0,0,0,0
390,47,55,52,76,145,132,47,0,0,0,0,0,0,0
391,230,235,197,403,251,260,204,0,0,0,0,0,0,0
392,333,331,309,277,145,117,313,0,0,0,0,0,0,0
393,416,446,450,436,522,544,444,0,0,0,0,0,0,0
394,166,182,155,171,168,175,155,0,0,0,0,0,0,0
395,230,239,245,243,198,211,229,0,0,0,0,0,0,0
396,110,98,103,105,76,85,106,0,0,0,0,0,0,0
397,132,122,130,126,166,210,124,0,0,0,0,0,0,0
398,111,125,119,162,129,101,115,0,0,0,0,0,0,0
399,121,114,98,114,191,207,133,0,0,0,0,0,0,0
400,74,68,75,60,68,86,81,0,0,0,0,0,0,0
401,78,89,89,118,76,81,96,0,0,0,0,0,0,0
402,220,206,193,215,188,214,234,0,0,0,0,0,0,0
403,88,82,89,97,115,106,105,0,0,0,0,0,0,0
404,175,140,155,194,296,337,171,0,0,0,0,0,0,0
405,143,141,147,155,91,64,147,0,0,0,0,0,0,0
406,165,180,175,164,175,190,199,0,0,0,0,0,0,0
407,187,166,176,171,177,196,216,0,0,0,0,0,0,0
408,258,272,250,329,463,487,280,0,0,0,0,0,0,0
409,88,93,89,96,94,99,87,0,0,0,0,0,0,0
410,78,88,77,137,118,112,76,0,0,0,0,0,0,0
411,21,20,20,24,32,28,22,0,0,0,0,0,0,0
412,88,88,84,90,46,39,85,0,0,0,0,0,0,0
413,186,211,221,189,165,168,209,0,0,0,0,0,0,0
414,405,431,404,458,537,552,423,0,0,0,0,0,0,0
415,82,70,74,71,40,44,67,0,0,0,0,0,0,0
416,55,53,66,66,92,93,53,0,0,0,0,0,0,0
417,31,30,29,30,37,36,18,0,0,0,0,0,0,0
418,133,123,116,150,198,182,141,0,0,0,0,0,0,0
419,23,26,25,80,91,30,30,0,0,0,0,0,0,0
420,97,87,95,100,84,72,94,0,0,0,0,0,0,0
421,35,44,36,57,100,80,32,0,0,0,0,0,0,0
422,78,77,84,79,82,93,80,0,0,0,0,0,0,0
423,69,60,67,92,192,178,69,0,0,0,0,0,0,0
424,69,61,69,79,126,111,67,0,0,0,0,0,0,0
425,96,93,98,115,162,145,78,0,0,0,0,0,0,0
426,152,180,183,268,185,155,160,0,0,0,0,0,0,0
427,128,114,134,150,86,71,126,0,0,0,0,0,0,0
428,160,145,174,168,178,171,187,0,0,0,0,0,0,0
429,39,37,38,44,51,52,40,0,0,0,0,0,0,0
430,101,105,107,95,101,82,115,0,0,0,0,0,0,0
431,54,53,58,90,103,82,55,0,0,0,0,0,0,0
432,40,38,38,42,57,63,35,0,0,0,0,0,0,0
433,90,97,103,88,66,77,98,0,0,0,0,0,0,0
434,43,41,39,28,89,84,49,0,0,0,0,0,0,0
435,319,315,344,422,927,745,330,0,0,0,0,0,0,0
436,396,451,465,492,538,515,403,0,0,0,0,0,0,0
437,65,73,69,66,70,49,69,0,0,0,0,0,0,0
438,61,64,74,77,96,102,65,0,0,0,0,0,0,0
439,129,135,151,143,139,140,132,0,0,0,0,0,0,0
440,71,83,79,74,73,86,80,0,0,0,0,0,0,0
441,209,170,184,193,282,342,197,0,0,0,0,0,0,0
442,95,81,81,113,139,119,76,0,0,0,0,0,0,0
443,60,60,56,78,87,90,53,0,0,0,0,0,0,0
444,85,56,55,55,71,102,124,0,0,0,0,0,0,0
445,165,187,196,227,265,205,171,0,0,0,0,0,0,0
446,35,32,38,39,57,42,39,0,0,0,0,0,0,0
447,221,233,225,220,89,89,221,0,0,0,0,0,0,0
448,171,173,181,167,66,51,172,0,0,0,0,0,0,0
449,26,27,27,40,68,92,25,0,0,0,0,0,0,0
450,59,67,63,61,65,73,71,0,0,0,0,0,0,0
451,107,119,117,140,196,185,126,0,0,0,0,0,0,0
452,197,218,235,242,257,315,228,0,0,0,0,0,0,0
453,66,66,69,56,56,61,64,0,0,0,0,0,0,0
454,67,59,62,67,66,64,61,0,0,0,0,0,0,0
455,122,136,134,141,146,152,137,0,0,0,0,0,0,0
456,30,35,42,120,150,59,39,0,0,0,0,0,0,0
457,55,51,51,74,94,102,51,0,0,0,0,0,0,0
458,101,87,99,167,150,163,91,0,0,0,0,0,0,0
459,14,14,16,55,93,60,19,0,0,0,0,0,0,0
460,259,270,271,300,92,36,268,0,0,0,0,0,0,0
461,54,49,55,58,60,57,51,0,0,0,0,0,0,0
462,42,42,47,124,192,106,47,0,0,0,0,0,0,0
463,119,152,153,144,157,189,158,0,0,0,0,0,0,0
464,72,88,69,109,178,150,69,0,0,0,0,0,0,0
465,416,345,392,415,639,778,410,0,0,0,0,0,0,0
466,61,64,63,78,139,122,59,0,0,0,0,0,0,0
467,84,96,93,87,103,122,97,0,0,0,0,0,0,0
468,44,43,56,58,82,77,39,0,0,0,0,0,0,0
469,65,60,62,70,74,64,68,0,0,0,0,0,0,0
470,57,56,56,76,102,98,56,0,0,0,0,0,0,0
471,91,87,82,86,93,98,95,0,0,0,0,0,0,0
472,425,451,404,603,712,696,427,0,0,0,0,0,0,0
473,91,90,91,85,48,33,107,0,0,0,0,0,0,0
474,25,26,25,25,31,32,27,0,0,0,0,0,0,0
475,121,121,125,134,129,118,129,0,0,0,0,0,0,0
476,81,77,90,80,30,28,96,0,0,0,0,0,0,0
477,93,92,94,92,95,100,91,0,0,0,0,0,0,0
478,42,44,44,45,50,50,44,0,0,0,0,0,0,0
479,68,67,63,58,106,122,67,0,0,0,0,0,0,0
480,55,53,54,84,72,65,61,0,0,0,0,0,0,0
481,46,54,52,55,59,59,53,0,0,0,0,0,0,0
482,81,75,72,107,127,138,75,0,0,0,0,0,0,0
483,68,76,73,76,70,47,74,0,0,0,0,0,0,0
484,72,75,75,111,154,182,73,0,0,0,0,0,0,0
485,108,111,123,118,116,130,108,0,0,0,0,0,0,0
486,70,75,71,94,107,98,84,0,0,0,0,0,0,0
487,52,54,48,55,60,56,57,0,0,0,0,0,0,0
488,71,68,60,65,83,85,79,0,0,0,0,0,0,0
489,78,90,83,99,85,88,95,0,0,0,0,0,0,0
490,35,36,40,44,65,67,40,0,0,0,0,0,0,0
491,256,248,235,256,305,299,240,0,0,0,0,0,0,0
492,69,75,78,75,84,87,76,0,0,0,0,0,0,0
493,122,121,105,106,117,119,113,0,0,0,0,0,0,0
494,66,63,60,77,95,123,68,0,0,0,0,0,0,0
495,49,58,56,72,132,124,61,0,0,0,0,0,0,0
496,134,127,128,121,121,110,129,0,0,0,0,0,0,0
497,73,66,66,106,86,80,69,0,0,0,0,0,0,0
498,78,74,72,75,81,87,90,0,0,0,0,0,0,0
499,52,47,49,51,68,64,50,0,0,0,0,0,0,0
500,120,126,132,176,241,231,117,0,0,0,0,0,0,0
501,183,199,175,152,104,136,198,0,0,0,0,0,0,0
502,128,131,143,139,191,174,124,0,0,0,0,0,0,0
503,102,102,103,108,88,72,108,0,0,0,0,0,0,0
504,71,65,71,99,100,81,65,0,0,0,0,0,0,0
505,117,94,113,108,52,21,115,0,0,0,0,0,0,0
506,57,64,62,88,147,149,64,0,0,0,0,0,0,0
507,276,253,289,253,237,181,307,0,0,0,0,0,0,0
508,164,163,169,151,92,97,154,0,0,0,0,0,0,0
509,38,47,46,78,38,69,34,0,0,0,0,0,0,0
510,58,67,71,61,64,59,65,0,0,0,0,0,0,0
511,132,135,129,156,191,192,123,0,0,0,0,0,0,0
512,67,69,59,69,77,79,68,0,0,0,0,0,0,0
513,145,129,141,146,150,128,139,0,0,0,0,0,0,0
514,67,71,95,98,89,99,83,0,0,0,0,0,0,0
515,120,120,139,155,156,152,126,0,0,0,0,0,0,0
516,85,87,89,84,88,80,91,0,0,0,0,0,0,0
517,2587,1544,1707,1903,3486,3683,1607,0,0,0,0,0,0,0
518,59,45,60,66,99,108,60,0,0,0,0,0,0,0
519,198,174,199,240,227,227,170,0,0,0,0,0,0,0
520,75,85,82,75,79,77,78,0,0,0,0,0,0,0
521,56,50,51,70,127,94,58,0,0,0,0,0,0,0
522,118,125,128,153,189,186,128,0,0,0,0,0,0,0
523,41,45,47,56,68,55,39,0,0,0,0,0,0,0
524,68,76,74,72,8,5,82,0,0,0,0,0,0,0
525,55,51,55,55,63,64,66,0,0,0,0,0,0,0
526,103,79,83,98,123,128,93,0,0,0,0,0,0,0
527,69,59,66,60,35,30,79,0,0,0,0,0,0,0
528,362,381,340,415,625,655,371,0,0,0,0,0,0,0
529,127,117,123,109,89,78,120,0,0,0,0,0,0,0
530,865,878,934,782,136,41,930,0,0,0,0,0,0,0
531,135,126,128,151,163,179,117,0,0,0,0,0,0,0
532,117,107,107,106,123,151,120,0,0,0,0,0,0,0
533,137,139,139,131,86,72,137,0,0,0,0,0,0,0
534,36,36,39,45,84,79,37,0,0,0,0,0,0,0
535,182,168,175,181,187,188,169,0,0,0,0,0,0,0
536,71,71,76,71,80,99,79,0,0,0,0,0,0,0
537,98,111,103,148,179,185,105,0,0,0,0,0,0,0
538,40,49,39,51,134,113,33,0,0,0,0,0,0,0
539,78,105,107,114,122,114,89,0,0,0,0,0,0,0
540,83,87,79,90,92,85,90,0,0,0,0,0,0,0
541,160,164,168,169,176,182,180,0,0,0,0,0,0,0
542,84,84,82,95,87,79,83,0,0,0,0,0,0,0
543,77,68,67,79,94,101,69,0,0,0,0,0,0,0
544,77,81,90,135,163,159,92,0,0,0,0,0,0,0
545,125,132,158,168,227,191,144,0,0,0,0,0,0,0
546,46,50,46,92,136,96,45,0,0,0,0,0,0,0
547,65,80,78,84,82,73,66,0,0,0,0,0,0,0
548,120,117,119,138,145,154,115,0,0,0,0,0,0,0
549,64,64,73,67,85,102,71,0,0,0,0,0,0,0
550,94,91,95,109,104,96,94,0,0,0,0,0,0,0
551,103,101,91,103,113,117,89,0,0,0,0,0,0,0
552,98,102,101,125,160,168,102,0,0,0,0,0,0,0
553,248,271,263,320,340,342,260,0,0,0,0,0,0,0
554,89,78,70,101,165,159,85,0,0,0,0,0,0,0
555,100,105,102,116,118,156,98,0,0,0,0,0,0,0
556,45,51,41,48,40,48,50,0,0,0,0,0,0,0
557,283,310,304,321,264,244,312,0,0,0,0,0,0,0
558,99,102,98,107,110,114,95,0,0,0,0,0,0,0
559,232,231,224,201,44,55,235,0,0,0,0,0,0,0
560,145,134,141,173,144,171,151,0,0,0,0,0,0,0
561,85,77,91,59,4,7,74,0,0,0,0,0,0,0
562,68,79,78,72,11,8,76,0,0,0,0,0,0,0
563,31,37,33,72,92,42,37,0,0,0,0,0,0,0
564,193,199,197,245,341,306,142,0,0,0,0,0,0,0
565,271,277,294,336,306,317,259,0,0,0,0,0,0,0
566,66,71,68,79,97,103,67,0,0,0,0,0,0,0
567,62,73,64,73,55,46,70,0,0,0,0,0,0,0
568,117,115,116,152,185,192,115,0,0,0,0,0,0,0
569,239,219,216,161,160,216,201,0,0,0,0,0,0,0
570,145,143,149,176,195,194,148,0,0,0,0,0,0,0
571,184,166,182,169,91,105,195,0,0,0,0,0,0,0
572,359,352,372,403,444,463,367,0,0,0,0,0,0,0
573,45,48,51,52,61,62,41,0,0,0,0,0,0,0
574,50,52,53,66,61,56,48,0,0,0,0,0,0,0
575,174,168,181,158,128,134,168,0,0,0,0,0,0,0
576,59,63,65,72,80,87,66,0,0,0,0,0,0,0
577,526,527,610,533,687,785,519,0,0,0,0,0,0,0
578,97,116,134,143,105,87,140,0,0,0,0,0,0,0
579,117,115,118,136,159,167,123,0,0,0,0,0,0,0
580,504,540,522,556,796,955,517,0,0,0,0,0,0,0
581,84,80,85,88,93,83,80,0,0,0,0,0,0,0
582,44,41,38,51,77,68,40,0,0,0,0,0,0,0
583,43,40,46,56,87,90,49,0,0,0,0,0,0,0
584,101,102,107,102,120,126,103,0,0,0,0,0,0,0
585,90,95,93,90,75,86,91,0,0,0,0,0,0,0
586,91,81,103,96,70,73,93,0,0,0,0,0,0,0
587,109,113,90,117,155,171,127,0,0,0,0,0,0,0
588,59,47,44,57,58,62,51,0,0,0,0,0,0,0
589,45,49,52,57,60,60,45,0,0,0,0,0,0,0
590,130,115,132,133,129,130,116,0,0,0,0,0,0,0
591,54,49,47,57,78,63,48,0,0,0,0,0,0,0
592,305,281,286,318,461,504,337,0,0,0,0,0,0,0
593,167,177,182,256,344,274,174,0,0,0,0,0,0,0
594,44,35,37,62,149,119,43,0,0,0,0,0,0,0
595,378,388,394,304,131,212,442,0,0,0,0,0,0,0
596,42,43,42,45,55,53,38,0,0,0,0,0,0,0
597,67,66,71,70,68,80,76,0,0,0,0,0,0,0
598,76,70,83,100,77,92,78,0,0,0,0,0,0,0
599,47,47,48,53,60,61,54,0,0,0,0,0,0,0
600,230,229,244,280,268,255,208,0,0,0,0,0,0,0
601,100,113,112,117,113,119,116,0,0,0,0,0,0,0
602,66,63,73,72,98,86,71,0,0,0,0,0,0,0
603,88,80,81,85,91,91,94,0,0,0,0,0,0,0
604,145,148,156,155,93,91,160,0,0,0,0,0,0,0
605,61,64,54,62,81,68,55,0,0,0,0,0,0,0
606,122,124,127,136,141,135,133,0,0,0,0,0,0,0
607,82,82,84,80,94,115,91,0,0,0,0,0,0,0
608,262,298,290,285,302,322,257,0,0,0,0,0,0,0
609,80,67,84,75,105,121,89,0,0,0,0,0,0,0
610,81,79,87,98,125,100,70,0,0,0,0,0,0,0
611,133,133,137,137,187,195,135,0,0,0,0,0,0,0
612,84,87,100,106,104,128,85,0,0,0,0,0,0,0
613,177,194,220,201,262,303,187,0,0,0,0,0,0,0
614,175,146,181,206,182,175,171,0,0,0,0,0,0,0
615,123,121,118,152,181,192,97,0,0,0,0,0,0,0
616,69,84,79,89,121,114,78,0,0,0,0,0,0,0
617,106,114,115,121,69,88,101,0,0,0,0,0,0,0
618,189,179,178,172,105,79,180,0,0,0,0,0,0,0
619,40,42,40,51,67,66,36,0,0,0,0,0,0,0
620,192,155,177,143,136,146,181,0,0,0,0,0,0,0
621,144,148,144,154,121,96,137,0,0,0,0,0,0,0
622,46,38,48,53,70,86,31,0,0,0,0,0,0,0
623,106,96,108,108,109,109,101,0,0,0,0,0,0,0
624,142,143,141,139,148,173,150,0,0,0,0,0,0,0
625,86,102,96,100,110,121,103,0,0,0,0,0,0,0
626,120,148,126,128,118,133,131,0,0,0,0,0,0,0
627,202,196,206,218,141,119,218,0,0,0,0,0,0,0
628,133,143,137,175,317,296,143,0,0,0,0,0,0,0
629,137,114,122,125,191,213,124,0,0,0,0,0,0,0
630,101,96,101,115,160,171,97,0,0,0,0,0,0,0
631,157,174,172,196,180,187,180,0,0,0,0,0,0,0
632,20,20,21,20,20,21,21,0,0,0,0,0,0,0
633,67,65,64,72,79,86,63,0,0,0,0,0,0,0
634,69,72,68,68,95,105,85,0,0,0,0,0,0,0
635,44,51,49,54,58,59,49,0,0,0,0,0,0,0
636,98,92,94,89,92,95,95,0,0,0,0,0,0,0
637,239,245,232,231,165,159,225,0,0,0,0,0,0,0
638,283,300,313,337,284,289,281,0,0,0,0,0,0,0
639,87,66,77,80,106,102,89,0,0,0,0,0,0,0
640,145,140,127,141,168,168,132,0,0,0,0,0,0,0
641,57,56,62,67,65,62,65,0,0,0,0,0,0,0
642,135,131,144,162,157,140,144,0,0,0,0,0,0,0
643,101,104,90,94,93,103,87,0,0,0,0,0,0,0
644,32,35,39,40,76,80,41,0,0,0,0,0,0,0
645,111,125,125,114,112,96,110,0,0,0,0,0,0,0
646,103,89,77,100,73,81,112,0,0,0,0,0,0,0
647,133,125,128,157,186,161,135,0,0,0,0,0,0,0
648,73,87,102,101,112,102,98,0,0,0,0,0,0,0
649,175,169,163,177,79,73,171,0,0,0,0,0,0,0
650,496,527,563,597,850,798,551,0,0,0,0,0,0,0
651,296,303,314,314,185,161,285,0,0,0,0,0,0,0
652,150,142,139,170,232,300,152,0,0,0,0,0,0,0
653,110,108,124,122,105,117,109,0,0,0,0,0,0,0
654,107,100,95,118,118,110,100,0,0,0,0,0,0,0
655,56,58,63,64,76,71,61,0,0,0,0,0,0,0
656,208,232,203,170,140,195,200,0,0,0,0,0,0,0
657,55,51,53,115,124,71,53,0,0,0,0,0,0,0
658,146,149,166,224,207,208,150,0,0,0,0,0,0,0
659,7,7,7,8,6,3,7,0,0,0,0,0,0,0
660,63,56,60,56,68,66,63,0,0,0,0,0,0,0
661,84,85,116,114,142,136,98,0,0,0,0,0,0,0
662,88,95,92,84,73,63,92,0,0,0,0,0,0,0
663,100,86,69,92,107,104,68,0,0,0,0,0,0,0
664,51,65,68,86,99,99,58,0,0,0,0,0,0,0
665,85,76,70,81,118,118,76,0,0,0,0,0,0,0
666,67,77,68,75,52,44,61,0,0,0,0,0,0,0
667,281,265,267,288,256,287,267,0,0,0,0,0,0,0
668,132,152,165,182,314,354,147,0,0,0,0,0,0,0
669,95,83,89,100,120,119,85,0,0,0,0,0,0,0
670,148,131,140,154,216,199,119,0,0,0,0,0,0,0
671,201,192,184,217,243,313,181,0,0,0,0,0,0,0
672,97,94,96,116,157,162,93,0,0,0,0,0,0,0
673,78,89,76,84,101,107,86,0,0,0,0,0,0,0
674,191,188,194,186,91,31,181,0,0,0,0,0,0,0
675,63,55,67,72,85,77,51,0,0,0,0,0,0,0
676,126,120,121,150,205,179,122,0,0,0,0,0,0,0
677,102,109,105,106,114,112,108,0,0,0,0,0,0,0
678,81,92,104,121,71,77,102,0,0,0,0,0,0,0
679,464,510,476,539,704,721,498,0,0,0,0,0,0,0
680,86,72,82,75,64,46,89,0,0,0,0,0,0,0
681,82,75,87,108,108,107,66,0,0,0,0,0,0,0
682,58,57,56,69,91,87,50,0,0,0,0,0,0,0
683,52,46,47,48,77,71,45,0,0,0,0,0,0,0
684,68,70,70,73,78,69,66,0,0,0,0,0,0,0
685,222,237,205,242,416,405,265,0,0,0,0,0,0,0
686,144,128,123,124,152,186,132,0,0,0,0,0,0,0
687,57,65,65,69,88,102,62,0,0,0,0,0,0,0
688,98,100,100,94,106,100,98,0,0,0,0,0,0,0
689,69,66,74,73,77,82,73,0,0,0,0,0,0,0
690,108,103,102,104,143,143,114,0,0,0,0,0,0,0
691,158,185,137,155,237,269,157,0,0,0,0,0,0,0
692,98,86,91,93,116,135,83,0,0,0,0,0,0,0
693,68,72,72,71,74,67,68,0,0,0,0,0,0,0
694,146,134,152,139,83,78,157,0,0,0,0,0,0,0
695,129,133,147,172,298,286,118,0,0,0,0,0,0,0
696,71,85,85,89,79,102,83,0,0,0,0,0,0,0
697,121,124,105,108,77,82,117,0,0,0,0,0,0,0
698,60,59,60,60,65,68,61,0,0,0,0,0,0,0
699,82,79,74,63,81,72,76,0,0,0,0,0,0,0
700,31,31,37,34,28,25,34,0,0,0,0,0,0,0
701,89,95,91,102,113,118,80,0,0,0,0,0,0,0
702,99,94,98,119,134,133,87,0,0,0,0,0,0,0
703,85,88,80,77,49,34,78,0,0,0,0,0,0,0
704,86,86,88,88,56,46,84,0,0,0,0,0,0,0
705,42,36,48,60,139,136,37,0,0,0,0,0,0,0
706,88,80,76,81,68,56,87,0,0,0,0,0,0,0
707,76,78,73,72,69,74,67,0,0,0,0,0,0,0
708,92,85,88,85,113,103,81,0,0,0,0,0,0,0
709,54,53,58,60,74,62,51,0,0,0,0,0,0,0
710,68,67,67,75,93,78,61,0,0,0,0,0,0,0
711,120,129,119,117,73,64,130,0,0,0,0,0,0,0
712,73,79,79,91,139,150,83,0,0,0,0,0,0,0
713,200,198,195,194,195,201,187,0,0,0,0,0,0,0
714,134,136,132,138,237,234,132,0,0,0,0,0,0,0
715,228,197,199,257,335,328,227,0,0,0,0,0,0,0
716,127,137,147,139,110,93,131,0,0,0,0,0,0,0
717,95,100,92,117,154,163,95,0,0,0,0,0,0,0
718,84,80,69,73,100,88,81,0,0,0,0,0,0,0
719,105,109,108,121,166,189,101,0,0,0,0,0,0,0
720,155,169,170,189,149,136,167,0,0,0,0,0,0,0
721,163,139,145,131,174,228,224,0,0,0,0,0,0,0
722,127,108,109,109,45,38,124,0,0,0,0,0,0,0
723,177,163,179,224,272,246,172,0,0,0,0,0,0,0
724,21,25,27,68,87,35,26,0,0,0,0,0,0,0
725,135,128,129,126,117,126,121,0,0,0,0,0,0,0
726,60,68,66,71,48,51,70,0,0,0,0,0,0,0
727,35,37,41,42,61,61,39,0,0,0,0,0,0,0
728,436,437,468,411,439,419,458,0,0,0,0,0,0,0
729,235,232,222,280,332,315,239,0,0,0,0,0,0,0
730,227,240,302,247,357,401,237,0,0,0,0,0,0,0
731,1639,1672,1795,1763,1504,1532,1577,0,0,0,0,0,0,0
732,82,93,89,131,212,202,90,0,0,0,0,0,0,0
733,137,134,138,134,166,144,146,0,0,0,0,0,0,0
734,105,108,115,156,186,188,123,0,0,0,0,0,0,0
735,69,61,72,64,72,68,70,0,0,0,0,0,0,0
736,108,116,103,119,147,144,94,0,0,0,0,0,0,0
737,332,358,383,405,426,409,358,0,0,0,0,0,0,0
738,146,141,149,156,188,215,137,0,0,0,0,0,0,0
739,71,69,71,94,108,108,72,0,0,0,0,0,0,0
740,85,76,76,129,147,99,80,0,0,0,0,0,0,0
741,79,70,71,84,106,98,81,0,0,0,0,0,0,0
742,494,435,480,562,483,507,613,0,0,0,0,0,0,0
743,102,122,119,105,42,36,111,0,0,0,0,0,0,0
744,65,78,71,103,191,168,65,0,0,0,0,0,0,0
745,70,66,70,78,43,32,81,0,0,0,0,0,0,0
746,46,54,60,118,135,65,50,0,0,0,0,0,0,0
747,370,310,366,401,514,616,447,0,0,0,0,0,0,0
748,109,114,119,160,176,155,121,0,0,0,0,0,0,0
749,28,25,29,30,31,30,29,0,0,0,0,0,0,0
750,150,144,147,170,150,139,130,0,0,0,0,0,0,0
751,93,92,85,90,79,98,93,0,0,0,0,0,0,0
752,72,77,140,67,167,89,81,0,0,0,0,0,0,0
753,67,63,61,73,83,69,55,0,0,0,0,0,0,0
754,108,131,126,147,147,187,170,0,0,0,0,0,0,0
755,88,110,100,105,140,129,92,0,0,0,0,0,0,0
756,168,171,162,159,140,126,179,0,0,0,0,0,0,0
757,135,131,137,150,209,194,143,0,0,0,0,0,0,0
758,71,71,65,61,56,61,66,0,0,0,0,0,0,0
759,130,123,124,127,123,105,140,0,0,0,0,0,0,0
760,101,94,103,127,173,167,96,0,0,0,0,0,0,0
761,79,78,86,88,91,90,78,0,0,0,0,0,0,0
762,109,107,103,134,159,151,113,0,0,0,0,0,0,0
763,89,92,101,112,132,136,106,0,0,0,0,0,0,0
764,68,58,63,82,93,109,58,0,0,0,0,0,0,0
765,107,113,106,102,72,85,115,0,0,0,0,0,0,0
766,45,46,46,65,77,75,42,0,0,0,0,0,0,0
767,66,62,56,67,73,68,53,0,0,0,0,0,0,0
768,88,103,101,103,82,96,134,0,0,0,0,0,0,0
769,94,121,144,225,205,190,114,0,0,0,0,0,0,0
770,43,41,46,60,72,63,44,0,0,0,0,0,0,0
771,85,98,96,114,136,133,83,0,0,0,0,0,0,0
772,137,136,147,149,182,191,129,0,0,0,0,0,0,0
773,137,135,120,170,225,212,134,0,0,0,0,0,0,0
774,161,169,162,168,186,192,172,0,0,0,0,0,0,0
775,329,361,327,396,340,311,332,0,0,0,0,0,0,0
776,191,206,196,215,320,378,220,0,0,0,0,0,0,0
777,207,220,215,209,121,111,209,0,0,0,0,0,0,0
778,127,138,131,126,85,88,117,0,0,0,0,0,0,0
779,234,259,239,240,203,244,213,0,0,0,0,0,0,0
780,114,108,110,111,118,106,133,0,0,0,0,0,0,0
781,150,160,142,205,271,257,145,0,0,0,0,0,0,0
782,30,33,33,39,40,41,30,0,0,0,0,0,0,0
783,105,109,109,115,92,79,103,0,0,0,0,0,0,0
784,65,64,61,70,65,59,56,0,0,0,0,0,0,0
785,75,76,82,74,78,71,77,0,0,0,0,0,0,0
786,48,49,50,60,66,65,41,0,0,0,0,0,0,0
787,79,91,85,100,131,124,87,0,0,0,0,0,0,0
788,354,348,370,366,253,228,330,0,0,0,0,0,0,0
789,199,206,204,206,101,70,206,0,0,0,0,0,0,0
790,51,55,55,50,49,58,53,0,0,0,0,0,0,0
791,72,73,82,94,99,101,70,0,0,0,0,0,0,0
792,205,206,219,203,139,145,222,0,0,0,0,0,0,0
793,41,45,45,65,105,95,50,0,0,0,0,0,0,0
794,207,222,208,186,149,161,236,0,0,0,0,0,0,0
795,125,105,109,110,70,70,119,0,0,0,0,0,0,0
796,55,54,56,67,108,102,60,0,0,0,0,0,0,0
797,87,81,86,86,124,117,75,0,0,0,0,0,0,0
798,101,94,92,85,33,29,101,0,0,0,0,0,0,0
799,87,87,93,108,152,141,93,0,0,0,0,0,0,0
800,180,154,151,193,261,265,167,0,0,0,0,0,0,0
801,66,76,82,120,127,113,98,0,0,0,0,0,0,0
802,61,64,69,72,115,116,60,0,0,0,0,0,0,0
803,264,259,262,197,137,141,296,0,0,0,0,0,0,0
804,90,75,97,104,101,99,113,0,0,0,0,0,0,0
805,224,221,199,228,142,125,187,0,0,0,0,0,0,0
806,451,408,437,474,803,881,460,0,0,0,0,0,0,0
807,51,55,62,112,114,85,51,0,0,0,0,0,0,0
808,192,217,257,382,314,341,243,0,0,0,0,0,0,0
809,55,59,49,65,70,72,58,0,0,0,0,0,0,0
810,2,3,3,3,1,1,3,0,0,0,0,0,0,0
811,42,42,45,51,59,54,36,0,0,0,0,0,0,0
812,181,182,192,201,51,36,169,0,0,0,0,0,0,0
813,71,69,66,75,69,74,72,0,0,0,0,0,0,0
814,225,218,228,217,188,184,210,0,0,0,0,0,0,0
815,52,54,53,62,78,85,55,0,0,0,0,0,0,0
816,272,277,259,300,396,423,295,0,0,0,0,0,0,0
817,123,122,117,113,102,145,127,0,0,0,0,0,0,0
818,47,60,50,79,99,97,47,0,0,0,0,0,0,0
819,82,80,80,92,39,33,80,0,0,0,0,0,0,0
820,211,223,217,231,231,247,225,0,0,0,0,0,0,0
821,159,141,147,151,241,255,160,0,0,0,0,0,0,0
822,60,76,78,71,98,119,67,0,0,0,0,0,0,0
823,91,90,84,91,97,98,88,0,0,0,0,0,0,0
824,105,109,106,117,125,138,98,0,0,0,0,0,0,0
825,547,622,620,613,690,754,694,0,0,0,0,0,0,0
826,104,116,115,119,119,107,105,0,0,0,0,0,0,0
827,73,57,58,66,44,40,60,0,0,0,0,0,0,0
828,57,61,61,61,51,47,54,0,0,0,0,0,0,0
829,355,324,360,349,389,437,310,0,0,0,0,0,0,0
830,78,77,69,96,112,124,81,0,0,0,0,0,0,0
831,226,213,212,246,253,264,218,0,0,0,0,0,0,0
832,73,65,76,78,64,72,69,0,0,0,0,0,0,0
833,53,50,50,56,67,56,51,0,0,0,0,0,0,0
834,74,59,74,94,123,137,59,0,0,0,0,0,0,0
835,103,104,110,114,149,116,110,0,0,0,0,0,0,0
836,80,77,85,98,158,134,81,0,0,0,0,0,0,0
837,92,104,110,94,64,64,104,0,0,0,0,0,0,0
838,137,138,123,154,129,129,140,0,0,0,0,0,0,0
839,78,91,100,100,114,104,92,0,0,0,0,0,0,0
840,182,199,213,320,228,217,202,0,0,0,0,0,0,0
841,47,45,44,49,36,40,55,0,0,0,0,0,0,0
842,37,36,36,39,68,67,33,0,0,0,0,0,0,0
843,51,62,66,64,83,89,57,0,0,0,0,0,0,0
844,74,85,72,89,125,122,70,0,0,0,0,0,0,0
845,60,59,64,58,66,62,63,0,0,0,0,0,0,0
846,52,54,55,60,78,66,53,0,0,0,0,0,0,0
847,73,69,72,83,109,117,64,0,0,0,0,0,0,0
848,144,141,150,136,83,78,147,0,0,0,0,0,0,0
849,65,73,66,82,134,127,73,0,0,0,0,0,0,0
850,153,162,178,305,243,249,163,0,0,0,0,0,0,0
851,80,70,72,87,87,107,73,0,0,0,0,0,0,0
852,81,82,88,109,208,209,80,0,0,0,0,0,0,0
853,80,80,77,100,174,186,81,0,0,0,0,0,0,0
854,448,450,457,488,606,631,539,0,0,0,0,0,0,0
855,43,37,47,51,54,59,45,0,0,0,0,0,0,0
856,41,48,48,51,75,72,41,0,0,0,0,0,0,0
857,47,53,49,59,78,71,48,0,0,0,0,0,0,0
858,101,102,114,126,104,97,99,0,0,0,0,0,0,0
859,100,96,96,99,117,135,111,0,0,0,0,0,0,0
860,591,498,537,546,735,880,569,0,0,0,0,0,0,0
861,122,150,149,187,183,196,148,0,0,0,0,0,0,0
862,174,166,163,175,197,229,181,0,0,0,0,0,0,0
863,61,62,70,68,62,74,68,0,0,0,0,0,0,0
864,626,601,572,637,614,685,646,0,0,0,0,0,0,0
865,226,210,209,246,358,376,225,0,0,0,0,0,0,0
866,330,317,303,293,89,47,328,0,0,0,0,0,0,0
867,140,152,139,143,123,114,148,0,0,0,0,0,0,0
868,278,236,256,272,243,236,262,0,0,0,0,0,0,0
869,265,282,295,358,415,392,290,0,0,0,0,0,0,0
870,234,198,228,215,244,305,250,0,0,0,0,0,0,0
871,74,65,64,79,89,99,67,0,0,0,0,0,0,0
872,294,314,320,271,112,63,304,0,0,0,0,0,0,0
873,177,187,176,130,116,155,180,0,0,0,0,0,0,0
874,230,246,233,241,229,178,188,0,0,0,0,0,0,0
875,115,90,104,92,64,61,98,0,0,0,0,0,0,0
876,318,276,291,290,220,277,268,0,0,0,0,0,0,0
877,204,199,193,238,177,177,227,0,0,0,0,0,0,0
878,52,54,55,59,62,56,56,0,0,0,0,0,0,0
879,53,50,50,61,76,81,47,0,0,0,0,0,0,0
880,85,74,75,76,70,70,81,0,0,0,0,0,0,0
881,115,108,107,143,122,130,118,0,0,0,0,0,0,0
882,89,90,93,106,113,110,94,0,0,0,0,0,0,0
883,99,74,85,79,79,98,91,0,0,0,0,0,0,0
884,164,164,175,164,126,137,169,0,0,0,0,0,0,0
885,102,109,107,126,167,162,108,0,0,0,0,0,0,0
886,62,58,59,66,81,92,66,0,0,0,0,0,0,0
887,50,48,42,65,165,152,46,0,0,0,0,0,0,0
888,89,88,95,85,52,43,95,0,0,0,0,0,0,0
889,111,112,121,111,175,153,100,0,0,0,0,0,0,0
890,43,42,46,50,54,50,47,0,0,0,0,0,0,0
891,498,561,549,841,1177,1149,527,0,0,0,0,0,0,0
892,221,210,196,197,158,153,188,0,0,0,0,0,0,0
893,60,52,55,59,69,62,47,0,0,0,0,0,0,0
894,85,96,95,89,128,132,94,0,0,0,0,0,0,0
895,176,173,167,177,162,121,175,0,0,0,0,0,0,0
896,105,96,98,109,84,84,97,0,0,0,0,0,0,0
897,262,267,273,386,585,565,253,0,0,0,0,0,0,0
898,125,120,123,107,92,76,116,0,0,0,0,0,0,0
899,131,127,135,145,260,302,132,0,0,0,0,0,0,0
900,529,546,583,666,1052,966,530,0,0,0,0,0,0,0
901,132,130,133,143,143,159,144,0,0,0,0,0,0,0
902,75,79,79,82,51,40,86,0,0,0,0,0,0,0
903,64,71,55,81,40,40,69,0,0,0,0,0,0,0
904,62,67,70,68,161,170,80,0,0,0,0,0,0,0
905,89,86,81,81,110,124,89,0,0,0,0,0,0,0
906,117,113,116,114,122,132,110,0,0,0,0,0,0,0
907,83,86,76,92,117,111,66,0,0,0,0,0,0,0
908,79,76,85,85,91,95,96,0,0,0,0,0,0,0
909,124,124,113,133,167,169,107,0,0,0,0,0,0,0
910,233,220,229,271,276,271,234,0,0,0,0,0,0,0
911,72,66,70,74,78,72,62,0,0,0,0,0,0,0
912,119,124,120,129,138,122,132,0,0,0,0,0,0,0
913,57,57,69,109,217,178,59,0,0,0,0,0,0,0
914,57,56,54,63,56,61,64,0,0,0,0,0,0,0
915,105,106,107,112,132,146,111,0,0,0,0,0,0,0
916,303,315,304,354,354,327,278,0,0,0,0,0,0,0
917,81,79,84,81,63,63,83,0,0,0,0,0,0,0
918,65,75,58,86,113,109,77,0,0,0,0,0,0,0
919,55,50,49,66,76,77,46,0,0,0,0,0,0,0
920,94,85,91,106,52,52,87,0,0,0,0,0,0,0
921,162,151,139,136,142,132,167,0,0,0,0,0,0,0
922,79,71,81,80,89,124,77,0,0,0,0,0,0,0
923,87,78,90,108,184,189,89,0,0,0,0,0,0,0
924,134,132,132,107,68,86,138,0,0,0,0,0,0,0
925,112,106,117,115,49,39,109,0,0,0,0,0,0,0
926,91,84,74,88,103,98,79,0,0,0,0,0,0,0
927,65,70,61,82,93,93,71,0,0,0,0,0,0,0
928,113,107,108,120,120,136,113,0,0,0,0,0,0,0
929,47,48,51,53,69,65,46,0,0,0,0,0,0,0
930,77,65,82,69,85,69,70,0,0,0,0,0,0,0
931,161,170,139,146,153,144,166,0,0,0,0,0,0,0
932,58,60,67,63,48,58,60,0,0,0,0,0,0,0
933,96,94,102,102,92,103,102,0,0,0,0,0,0,0
934,646,603,683,641,762,912,700,0,0,0,0,0,0,0
935,135,130,123,135,93,89,134,0,0,0,0,0,0,0
936,36,34,38,52,98,92,39,0,0,0,0,0,0,0
937,96,93,98,125,178,139,92,0,0,0,0,0,0,0
938,90,74,82,84,86,104,98,0,0,0,0,0,0,0
939,141,142,153,144,108,113,133,0,0,0,0,0,0,0
940,112,100,112,94,92,124,119,0,0,0,0,0,0,0
941,35,40,38,52,66,65,43,0,0,0,0,0,0,0
942,62,54,50,68,82,83,54,0,0,0,0,0,0,0
943,80,73,79,90,141,138,73,0,0,0,0,0,0,0
944,53,47,49,56,57,60,45,0,0,0,0,0,0,0
945,60,57,49,64,79,85,64,0,0,0,0,0,0,0
946,100,110,91,111,142,150,115,0,0,0,0,0,0,0
947,71,71,76,72,63,57,73,0,0,0,0,0,0,0
948,86,86,88,86,94,99,84,0,0,0,0,0,0,0
949,61,66,71,74,82,77,56,0,0,0,0,0,0,0
950,155,146,151,153,146,172,155,0,0,0,0,0,0,0
951,180,184,185,223,251,223,175,0,0,0,0,0,0,0
952,106,103,107,120,66,77,97,0,0,0,0,0,0,0
953,171,147,157,159,173,206,168,0,0,0,0,0,0,0
954,103,96,98,97,90,96,101,0,0,0,0,0,0,0
955,93,97,114,111,141,203,100,0,0,0,0,0,0,0
956,37,35,34,34,34,30,31,0,0,0,0,0,0,0
957,160,170,177,189,267,287,200,0,0,0,0,0,0,0
958,153,153,153,139,82,53,129,0,0,0,0,0,0,0
959,201,206,215,209,233,272,236,0,0,0,0,0,0,0
960,95,92,83,99,67,67,88,0,0,0,0,0,0,0
961,275,274,300,323,353,319,267,0,0,0,0,0,0,0
962,111,101,108,121,113,116,118,0,0,0,0,0,0,0
963,111,113,101,111,50,51,137,0,0,0,0,0,0,0
964,130,149,119,220,152,178,148,0,0,0,0,0,0,0
965,67,70,79,87,99,87,78,0,0,0,0,0,0,0
966,112,107,108,96,96,126,104,0,0,0,0,0,0,0
967,95,84,90,90,86,65,89,0,0,0,0,0,0,0
968,122,130,131,138,149,131,126,0,0,0,0,0,0,0
969,122,128,127,145,180,165,137,0,0,0,0,0,0,0
970,127,137,127,130,73,78,127,0,0,0,0,0,0,0
971,99,105,95,103,126,134,114,0,0,0,0,0,0,0
972,151,171,166,186,215,209,146,0,0,0,0,0,0,0
973,183,193,176,201,206,215,192,0,0,0,0,0,0,0
974,145,139,134,136,108,122,152,0,0,0,0,0,0,0
975,126,116,115,140,134,132,127,0,0,0,0,0,0,0
976,83,86,78,80,81,67,86,0,0,0,0,0,0,0
977,101,103,102,110,114,98,104,0,0,0,0,0,0,0
978,178,169,176,191,164,150,176,0,0,0,0,0,0,0
979,110,95,104,113,137,183,106,0,0,0,0,0,0,0
980,81,92,95,126,134,114,86,0,0,0,0,0,0,0
981,55,54,48,96,68,78,56,0,0,0,0,0,0,0
982,92,105,103,115,96,91,95,0,0,0,0,0,0,0
983,81,71,70,79,88,88,71,0,0,0,0,0,0,0
984,92,91,99,119,135,164,84,0,0,0,0,0,0,0
985,325,334,304,315,221,202,296,0,0,0,0,0,0,0
986,142,159,117,128,123,122,166,0,0,0,0,0,0,0
987,95,92,98,90,36,34,95,0,0,0,0,0,0,0
988,276,253,281,279,396,434,299,0,0,0,0,0,0,0
989,147,155,162,167,135,138,167,0,0,0,0,0,0,0
990,89,94,93,143,235,220,83,0,0,0,0,0,0,0
991,89,105,95,100,130,129,103,0,0,0,0,0,0,0
992,110,130,134,128,60,70,133,0,0,0,0,0,0,0
993,73,70,70,68,66,68,73,0,0,0,0,0,0,0
994,90,81,89,103,136,131,79,0,0,0,0,0,0,0
995,123,137,125,140,141,156,146,0,0,0,0,0,0,0
996,66,69,60,83,65,62,78,0,0,0,0,0,0,0
997,100,119,96,115,127,115,114,0,0,0,0,0,0,0
998,130,160,193,178,258,254,140,0,0,0,0,0,0,0
999,324,326,335,321,138,105,333,0,0,0,0,0,0,0
1000,62,63,64,78,109,106,70,0,0,0,0,0,0,0
1001,28,28,34,36,64,57,25,0,0,0,0,0,0,0
1002,57,54,46,79,119,100,42,0,0,0,0,0,0,0
1003,48,51,50,62,75,69,46,0,0,0,0,0,0,0
1004,129,140,150,146,130,130,145,0,0,0,0,0,0,0
1005,144,127,136,111,91,108,147,0,0,0,0,0,0,0
1006,56,57,59,59,70,66,62,0,0,0,0,0,0,0
1007,106,112,111,107,140,136,127,0,0,0,0,0,0,0
1008,68,61,58,84,104,80,64,0,0,0,0,0,0,0
1009,54,51,53,69,108,129,56,0,0,0,0,0,0,0
1010,52,52,53,43,76,82,53,0,0,0,0,0,0,0
1011,139,108,110,107,117,120,104,0,0,0,0,0,0,0
1012,187,195,183,183,181,180,178,0,0,0,0,0,0,0
1013,141,155,151,150,108,83,130,0,0,0,0,0,0,0
1014,70,63,63,66,68,72,56,0,0,0,0,0,0,0
1015,88,101,90,106,79,112,103,0,0,0,0,0,0,0
1016,59,62,62,58,63,72,61,0,0,0,0,0,0,0
1017,124,120,124,160,169,179,120,0,0,0,0,0,0,0
1018,340,345,365,399,648,707,352,0,0,0,0,0,0,0
1019,122,122,119,130,150,147,118,0,0,0,0,0,0,0
1020,50,55,51,65,53,41,54,0,0,0,0,0,0,0
1021,123,111,129,114,147,182,122,0,0,0,0,0,0,0
1022,112,109,110,121,143,144,90,0,0,0,0,0,0,0
1023,34,33,34,42,57,48,34,0,0,0,0,0,0,0
1024,60,65,69,65,69,64,60,0,0,0,0,0,0,0
1025,148,133,134,142,187,207,144,0,0,0,0,0,0,0
1026,106,98,92,110,106,150,81,0,0,0,0,0,0,0
1027,114,112,129,143,164,150,136,0,0,0,0,0,0,0
1028,63,74,72,69,33,26,66,0,0,0,0,0,0,0
1029,86,85,84,72,34,38,78,0,0,0,0,0,0,0
1030,143,142,150,158,52,44,143,0,0,0,0,0,0,0
1031,44,45,47,51,68,72,49,0,0,0,0,0,0,0
1032,53,59,57,62,62,64,58,0,0,0,0,0,0,0
1033,57,54,56,61,86,90,49,0,0,0,0,0,0,0
1034,98,96,89,110,128,114,87,0,0,0,0,0,0,0
1035,156,138,153,198,277,262,129,0,0,0,0,0,0,0
1036,90,81,75,99,93,119,85,0,0,0,0,0,0,0
1037,57,59,62,83,108,97,60,0,0,0,0,0,0,0
1038,157,153,151,149,174,191,153,0,0,0,0,0,0,0
1039,305,312,309,322,336,321,326,0,0,0,0,0,0,0
1040,51,57,55,68,100,93,47,0,0,0,0,0,0,0
1041,125,163,147,157,197,206,139,0,0,0,0,0,0,0
1042,111,102,103,121,181,176,107,0,0,0,0,0,0,0
1043,165,174,178,213,266,242,165,0,0,0,0,0,0,0
1044,69,71,58,84,110,113,66,0,0,0,0,0,0,0
1045,111,107,98,123,182,198,109,0,0,0,0,0,0,0
1046,55,65,60,54,53,55,41,0,0,0,0,0,0,0
1047,132,135,133,122,88,68,148,0,0,0,0,0,0,0
1048,56,59,64,62,61,60,71,0,0,0,0,0,0,0
1049,105,111,112,116,135,119,83,0,0,0,0,0,0,0
1050,58,46,39,45,49,49,60,0,0,0,0,0,0,0
1051,46,47,48,48,66,70,48,0,0,0,0,0,0,0
1052,249,239,236,245,372,426,239,0,0,0,0,0,0,0
1053,70,66,71,69,81,92,79,0,0,0,0,0,0,0
1054,94,96,91,89,96,99,100,0,0,0,0,0,0,0
1055,71,67,65,117,133,128,71,0,0,0,0,0,0,0
1056,71,66,71,91,115,105,75,0,0,0,0,0,0,0
1057,83,80,81,84,103,100,88,0,0,0,0,0,0,0
1058,68,59,95,59,77,67,42,0,0,0,0,0,0,0
1059,89,86,93,97,115,120,103,0,0,0,0,0,0,0
1060,202,207,216,189,166,165,213,0,0,0,0,0,0,0
1061,135,132,136,174,188,182,129,0,0,0,0,0,0,0
1062,87,90,85,90,93,92,73,0,0,0,0,0,0,0
1063,35,41,34,46,74,57,40,0,0,0,0,0,0,0
1064,59,62,60,69,68,61,56,0,0,0,0,0,0,0
1065,100,102,107,104,93,100,94,0,0,0,0,0,0,0
1066,163,179,169,186,216,209,160,0,0,0,0,0,0,0
1067,208,194,172,193,159,194,191,0,0,0,0,0,0,0
1068,55,52,53,65,51,53,56,0,0,0,0,0,0,0
1069,123,132,129,168,225,186,115,0,0,0,0,0,0,0
1070,67,76,72,76,72,88,82,0,0,0,0,0,0,0
1071,420,384,421,365,279,324,387,0,0,0,0,0,0,0
1072,499,486,453,404,346,367,551,0,0,0,0,0,0,0
1073,63,64,70,64,77,72,65,0,0,0,0,0,0,0
1074,83,83,94,136,183,189,91,0,0,0,0,0,0,0
1075,53,59,55,71,76,78,55,0,0,0,0,0,0,0
1076,97,96,87,82,104,131,102,0,0,0,0,0,0,0
1077,51,51,64,59,67,69,49,0,0,0,0,0,0,0
1078,106,107,101,85,77,94,107,0,0,0,0,0,0,0
1079,66,66,65,73,62,57,59,0,0,0,0,0,0,0
1080,40,46,44,45,51,58,47,0,0,0,0,0,0,0
1081,67,74,79,70,83,78,64,0,0,0,0,0,0,0
1082,71,74,71,63,73,73,61,0,0,0,0,0,0,0
1083,111,122,112,125,150,130,126,0,0,0,0,0,0,0
1084,102,86,82,96,156,150,93,0,0,0,0,0,0,0
1085,100,105,117,161,232,222,108,0,0,0,0,0,0,0
1086,84,85,81,91,111,115,90,0,0,0,0,0,0,0
1087,65,56,56,69,151,136,53,0,0,0,0,0,0,0
1088,90,87,96,113,126,120,99,0,0,0,0,0,0,0
1089,46,38,50,41,81,74,48,0,0,0,0,0,0,0
1090,400,409,397,396,176,128,373,0,0,0,0,0,0,0
1091,77,80,85,75,86,80,80,0,0,0,0,0,0,0
1092,141,145,122,146,190,199,125,0,0,0,0,0,0,0
1093,184,198,196,175,66,38,158,0,0,0,0,0,0,0
1094,129,122,119,158,214,210,127,0,0,0,0,0,0,0
1095,104,107,99,110,130,118,93,0,0,0,0,0,0,0
1096,122,118,109,121,102,109,122,0,0,0,0,0,0,0
1097,38,34,43,53,48,50,39,0,0,0,0,0,0,0
1098,184,199,197,159,128,189,215,0,0,0,0,0,0,0
1099,80,96,90,94,79,82,87,0,0,0,0,0,0,0
1100,35,31,36,44,86,76,28,0,0,0,0,0,0,0
1101,89,92,90,111,159,164,88,0,0,0,0,0,0,0
1102,91,101,123,277,345,182,110,0,0,0,0,0,0,0
1103,53,55,49,64,52,42,57,0,0,0,0,0,0,0
1104,217,213,223,245,435,470,232,0,0,0,0,0,0,0
1105,96,89,95,101,110,103,90,0,0,0,0,0,0,0
1106,71,73,73,81,51,48,73,0,0,0,0,0,0,0
1107,41,42,34,48,52,54,42,0,0,0,0,0,0,0
1108,90,98,97,133,177,160,93,0,0,0,0,0,0,0
1109,68,77,79,97,101,98,78,0,0,0,0,0,0,0
1110,199,215,204,200,151,130,197,0,0,0,0,0,0,0
1111,53,48,55,57,55,53,50,0,0,0,0,0,0,0
1112,75,86,86,83,83,68,77,0,0,0,0,0,0,0
1113,187,170,180,180,212,205,165,0,0,0,0,0,0,0
1114,217,191,210,195,114,144,209,0,0,0,0,0,0,0
1115,48,49,39,47,50,49,46,0,0,0,0,0,0,0
1116,307,297,331,275,196,228,331,0,0,0,0,0,0,0
1117,258,267,296,266,293,267,256,0,0,0,0,0,0,0
1118,90,90,100,125,210,212,86,0,0,0,0,0,0,0
1119,69,76,73,92,86,106,69,0,0,0,0,0,0,0
1120,44,40,48,41,58,57,35,0,0,0,0,0,0,0
1121,131,125,116,143,168,144,108,0,0,0,0,0,0,0
1122,99,108,130,127,136,129,111,0,0,0,0,0,0,0
1123,438,462,476,510,659,653,469,0,0,0,0,0,0,0
1124,22,20,23,39,74,59,27,0,0,0,0,0,0,0
1125,200,202,226,270,261,238,215,0,0,0,0,0,0,0
1126,85,88,85,100,115,128,76,0,0,0,0,0,0,0
1127,77,98,92,102,166,151,90,0,0,0,0,0,0,0
1128,59,69,67,79,97,95,61,0,0,0,0,0,0,0
1129,97,99,98,114,148,152,89,0,0,0,0,0,0,0
1130,100,103,112,106,89,92,110,0,0,0,0,0,0,0
1131,232,211,218,215,111,83,225,0,0,0,0,0,0,0
1132,69,67,78,71,73,80,75,0,0,0,0,0,0,0
1133,53,56,55,55,63,60,53,0,0,0,0,0,0,0
1134,72,65,73,76,94,90,66,0,0,0,0,0,0,0
1135,133,127,139,159,223,243,137,0,0,0,0,0,0,0
1136,218,231,229,236,234,249,212,0,0,0,0,0,0,0
1137,70,59,63,71,81,80,75,0,0,0,0,0,0,0
1138,62,58,88,64,59,47,56,0,0,0,0,0,0,0
1139,56,61,73,81,85,83,67,0,0,0,0,0,0,0
1140,154,187,181,190,40,46,176,0,0,0,0,0,0,0
1141,89,93,95,96,111,107,91,0,0,0,0,0,0,0
1142,59,59,60,72,117,109,78,0,0,0,0,0,0,0
1143,72,69,69,92,103,90,68,0,0,0,0,0,0,0
1144,58,67,57,87,137,149,70,0,0,0,0,0,0,0
1145,88,82,93,102,149,147,127,0,0,0,0,0,0,0
1146,181,171,175,189,197,202,195,0,0,0,0,0,0,0
1147,410,397,368,383,389,396,423,0,0,0,0,0,0,0
1148,72,70,70,65,73,85,73,0,0,0,0,0,0,0
1149,67,68,74,71,85,76,66,0,0,0,0,0,0,0
1150,327,302,309,287,441,484,347,0,0,0,0,0,0,0
1151,135,139,145,135,112,99,133,0,0,0,0,0,0,0
1152,176,170,184,197,256,296,176,0,0,0,0,0,0,0
1153,239,236,252,266,244,208,221,0,0,0,0,0,0,0
1154,73,86,81,90,107,101,79,0,0,0,0,0,0,0
1155,54,54,58,54,47,47,56,0,0,0,0,0,0,0
1156,65,65,65,71,81,79,57,0,0,0,0,0,0,0
1157,84,86,86,83,47,46,85,0,0,0,0,0,0,0
1158,60,66,65,63,62,75,68,0,0,0,0,0,0,0
1159,72,70,61,73,89,106,62,0,0,0,0,0,0,0
1160,54,60,57,57,59,51,52,0,0,0,0,0,0,0
1161,72,77,78,127,124,129,74,0,0,0,0,0,0,0
1162,67,62,71,86,102,122,61,0,0,0,0,0,0,0
1163,105,92,92,78,33,30,102,0,0,0,0,0,0,0
1164,58,65,65,72,28,25,76,0,0,0,0,0,0,0
1165,61,60,71,67,77,84,71,0,0,0,0,0,0,0
1166,84,78,86,87,106,95,73,0,0,0,0,0,0,0
1167,74,84,76,85,97,86,72,0,0,0,0,0,0,0
1168,180,183,197,242,337,327,202,0,0,0,0,0,0,0
1169,132,135,142,145,138,133,136,0,0,0,0,0,0,0
1170,62,57,60,49,66,76,60,0,0,0,0,0,0,0
1171,53,44,52,61,80,88,49,0,0,0,0,0,0,0
1172,48,64,58,61,80,91,50,0,0,0,0,0,0,0
1173,79,83,88,100,120,120,81,0,0,0,0,0,0,0
1174,150,131,138,146,78,52,135,0,0,0,0,0,0,0
1175,165,190,203,212,233,238,188,0,0,0,0,0,0,0
1176,99,105,105,116,140,138,107,0,0,0,0,0,0,0
1177,104,100,113,102,109,125,108,0,0,0,0,0,0,0
1178,224,227,235,213,68,55,251,0,0,0,0,0,0,0
1179,98,95,121,115,111,110,91,0,0,0,0,0,0,0
1180,119,110,112,140,180,186,117,0,0,0,0,0,0,0
1181,163,173,180,179,213,204,156,0,0,0,0,0,0,0
1182,52,50,54,55,79,73,49,0,0,0,0,0,0,0
1183,45,43,47,50,57,71,52,0,0,0,0,0,0,0
1184,116,122,115,140,162,162,104,0,0,0,0,0,0,0
1185,290,286,278,272,118,105,307,0,0,0,0,0,0,0
1186,73,64,70,76,78,67,68,0,0,0,0,0,0,0
1187,71,64,68,94,127,113,74,0,0,0,0,0,0,0
1188,128,130,125,137,129,137,139,0,0,0,0,0,0,0
1189,83,80,87,98,79,77,94,0,0,0,0,0,0,0
1190,389,311,343,444,474,477,333,0,0,0,0,0,0,0
1191,62,58,59,62,60,58,60,0,0,0,0,0,0,0
1192,66,58,82,92,96,103,74,0,0,0,0,0,0,0
1193,113,104,113,138,94,76,120,0,0,0,0,0,0,0
1194,181,150,177,175,184,248,199,0,0,0,0,0,0,0
1195,52,52,54,78,94,99,60,0,0,0,0,0,0,0
1196,90,89,85,93,114,106,85,0,0,0,0,0,0,0
1197,118,125,127,153,180,152,114,0,0,0,0,0,0,0
1198,84,63,67,70,66,75,69,0,0,0,0,0,0,0
1199,145,146,139,149,52,39,149,0,0,0,0,0,0,0
1200,65,67,66,71,68,73,69,0,0,0,0,0,0,0
1201,131,129,138,167,202,207,135,0,0,0,0,0,0,0
1202,20,24,24,68,68,37,27,0,0,0,0,0,0,0
1203,134,131,139,183,259,274,126,0,0,0,0,0,0,0
1204,93,92,96,111,180,172,107,0,0,0,0,0,0,0
1205,85,94,93,90,74,127,102,0,0,0,0,0,0,0
1206,58,64,58,58,64,64,57,0,0,0,0,0,0,0
1207,61,61,54,68,110,100,50,0,0,0,0,0,0,0
1208,104,101,97,127,179,179,93,0,0,0,0,0,0,0
1209,51,43,48,57,63,65,53,0,0,0,0,0,0,0
1210,62,65,60,92,109,107,74,0,0,0,0,0,0,0
1211,175,166,152,232,320,371,190,0,0,0,0,0,0,0
1212,77,66,74,73,82,102,73,0,0,0,0,0,0,0
1213,248,257,253,273,122,136,256,0,0,0,0,0,0,0
1214,104,90,104,89,11,10,108,0,0,0,0,0,0,0
1215,46,46,52,47,50,50,44,0,0,0,0,0,0,0
1216,100,91,108,97,77,68,96,0,0,0,0,0,0,0
1217,134,130,129,225,155,168,140,0,0,0,0,0,0,0
1218,140,152,137,139,56,57,135,0,0,0,0,0,0,0
1219,39,45,48,82,107,59,43,0,0,0,0,0,0,0
1220,220,218,208,225,81,74,203,0,0,0,0,0,0,0
1221,166,175,157,223,263,283,190,0,0,0,0,0,0,0
1222,71,72,71,87,88,90,63,0,0,0,0,0,0,0
1223,143,150,161,174,81,86,130,0,0,0,0,0,0,0
1224,96,104,105,137,103,117,107,0,0,0,0,0,0,0
1225,72,71,79,69,60,35,81,0,0,0,0,0,0,0
1226,478,458,473,451,534,664,490,0,0,0,0,0,0,0
1227,117,122,109,120,120,150,125,0,0,0,0,0,0,0
1228,101,120,110,106,125,136,118,0,0,0,0,0,0,0
1229,608,619,694,622,637,659,648,0,0,0,0,0,0,0
1230,59,64,59,69,83,67,64,0,0,0,0,0,0,0
1231,139,144,156,170,211,182,138,0,0,0,0,0,0,0
1232,69,68,76,62,66,61,70,0,0,0,0,0,0,0
1233,41,43,51,97,118,86,51,0,0,0,0,0,0,0
1234,27,26,29,53,79,64,32,0,0,0,0,0,0,0
1235,85,87,86,88,93,80,86,0,0,0,0,0,0,0
1236,120,123,112,102,127,149,125,0,0,0,0,0,0,0
1237,68,56,64,78,83,74,70,0,0,0,0,0,0,0
1238,107,104,108,104,91,84,102,0,0,0,0,0,0,0
1239,68,72,72,80,74,74,72,0,0,0,0,0,0,0
1240,157,157,155,131,119,153,172,0,0,0,0,0,0,0
1241,42,41,43,57,98,99,41,0,0,0,0,0,0,0
1242,69,64,69,80,90,91,66,0,0,0,0,0,0,0
1243,19,23,48,33,25,26,28,0,0,0,0,0,0,0
1244,151,165,163,191,186,162,156,0,0,0,0,0,0,0
1245,69,66,69,82,81,68,66,0,0,0,0,0,0,0
1246,61,72,57,66,124,152,59,0,0,0,0,0,0,0
1247,78,78,78,86,89,88,76,0,0,0,0,0,0,0
1248,102,128,117,150,159,136,105,0,0,0,0,0,0,0
1249,228,224,220,226,175,154,228,0,0,0,0,0,0,0
1250,196,195,196,201,113,91,199,0,0,0,0,0,0,0
1251,76,79,84,88,96,100,85,0,0,0,0,0,0,0
1252,131,163,158,244,321,290,143,0,0,0,0,0,0,0
1253,60,61,67,61,73,95,68,0,0,0,0,0,0,0
1254,55,57,53,69,67,73,63,0,0,0,0,0,0,0
1255,33,36,37,49,50,53,44,0,0,0,0,0,0,0
1256,270,267,242,246,281,309,260,0,0,0,0,0,0,0
1257,257,264,266,309,407,397,282,0,0,0,0,0,0,0
1258,243,267,252,219,238,222,243,0,0,0,0,0,0,0
1259,62,53,61,47,55,50,56,0,0,0,0,0,0,0
1260,88,95,78,84,83,117,92,0,0,0,0,0,0,0
1261,117,128,139,111,48,44,104,0,0,0,0,0,0,0
1262,109,111,98,111,125,131,110,0,0,0,0,0,0,0
1263,265,289,228,413,374,404,238,0,0,0,0,0,0,0
1264,93,101,95,102,208,196,90,0,0,0,0,0,0,0
1265,54,55,66,72,65,58,42,0,0,0,0,0,0,0
1266,74,81,66,75,98,87,67,0,0,0,0,0,0,0
1267,157,141,138,156,203,250,146,0,0,0,0,0,0,0
1268,352,330,307,332,320,315,346,0,0,0,0,0,0,0
1269,304,312,318,300,294,318,320,0,0,0,0,0,0,0
1270,77,67,51,90,137,132,51,0,0,0,0,0,0,0
1271,158,175,188,149,192,229,184,0,0,0,0,0,0,0
1272,116,112,117,102,83,89,113,0,0,0,0,0,0,0
1273,128,130,123,154,165,156,134,0,0,0,0,0,0,0
1274,61,65,77,82,77,86,81,0,0,0,0,0,0,0
1275,68,72,84,115,115,116,97,0,0,0,0,0,0,0
1276,124,131,133,123,94,85,141,0,0,0,0,0,0,0
1277,69,58,57,71,103,77,50,0,0,0,0,0,0,0
1278,49,35,44,60,113,99,51,0,0,0,0,0,0,0
1279,86,84,82,88,96,72,85,0,0,0,0,0,0,0
1280,68,70,70,77,85,87,65,0,0,0,0,0,0,0
1281,67,66,64,74,88,86,64,0,0,0,0,0,0,0
1282,62,63,61,57,42,34,73,0,0,0,0,0,0,0
1283,165,183,160,179,246,293,163,0,0,0,0,0,0,0
1284,85,71,80,94,92,97,83,0,0,0,0,0,0,0
1285,114,110,117,115,117,139,111,0,0,0,0,0,0,0
1286,94,91,91,136,112,117,89,0,0,0,0,0,0,0
1287,151,155,146,144,157,156,159,0,0,0,0,0,0,0
1288,88,84,92,96,89,101,87,0,0,0,0,0,0,0
1289,70,70,65,80,91,92,67,0,0,0,0,0,0,0
1290,83,90,83,109,164,165,77,0,0,0,0,0,0,0
1291,51,51,60,68,121,116,49,0,0,0,0,0,0,0
1292,184,198,190,232,259,247,174,0,0,0,0,0,0,0
1293,144,142,167,156,135,156,154,0,0,0,0,0,0,0
1294,34,34,40,100,141,68,44,0,0,0,0,0,0,0
1295,73,72,75,103,107,95,92,0,0,0,0,0,0,0
1296,583,622,622,728,1272,1369,664,0,0,0,0,0,0,0
1297,202,220,211,220,270,266,185,0,0,0,0,0,0,0
1298,141,138,148,157,181,167,149,0,0,0,0,0,0,0
1299,183,166,178,175,138,117,163,0,0,0,0,0,0,0
1300,60,63,60,83,91,74,60,0,0,0,0,0,0,0
1301,87,89,80,98,153,131,92,0,0,0,0,0,0,0
1302,464,482,429,553,1206,1154,541,0,0,0,0,0,0,0
1303,183,181,177,186,160,154,196,0,0,0,0,0,0,0
1304,86,84,86,99,112,119,89,0,0,0,0,0,0,0
1305,244,246,261,221,185,214,272,0,0,0,0,0,0,0
1306,309,353,240,331,544,563,333,0,0,0,0,0,0,0
1307,76,75,57,89,85,85,89,0,0,0,0,0,0,0
1308,385,376,363,379,353,358,359,0,0,0,0,0,0,0
1309,245,265,246,278,209,199,237,0,0,0,0,0,0,0
1310,275,275,277,283,379,393,292,0,0,0,0,0,0,0
1311,65,78,77,102,132,124,89,0,0,0,0,0,0,0
1312,106,113,112,130,139,101,102,0,0,0,0,0,0,0
1313,46,46,45,57,74,69,46,0,0,0,0,0,0,0
1314,190,183,207,203,213,201,187,0,0,0,0,0,0,0
1315,182,197,182,221,274,251,187,0,0,0,0,0,0,0
1316,62,48,56,78,112,103,43,0,0,0,0,0,0,0
1317,110,101,102,121,114,130,107,0,0,0,0,0,0,0
1318,63,65,62,78,136,131,75,0,0,0,0,0,0,0
1319,38,44,29,40,52,47,38,0,0,0,0,0,0,0
1320,89,87,91,85,31,23,100,0,0,0,0,0,0,0
1321,53,59,58,58,83,84,58,0,0,0,0,0,0,0
1322,157,160,161,201,288,278,184,0,0,0,0,0,0,0
1323,114,100,104,117,107,117,106,0,0,0,0,0,0,0
1324,180,182,171,165,135,128,162,0,0,0,0,0,0,0
1325,135,143,137,157,176,160,145,0,0,0,0,0,0,0
1326,358,396,459,486,631,573,426,0,0,0,0,0,0,0
1327,113,110,105,99,104,148,136,0,0,0,0,0,0,0
1328,53,56,55,63,78,71,47,0,0,0,0,0,0,0
1329,84,92,78,93,71,66,95,0,0,0,0,0,0,0
1330,50,56,74,61,69,64,52,0,0,0,0,0,0,0
1331,34,32,30,40,62,53,30,0,0,0,0,0,0,0
1332,111,108,120,116,212,236,101,0,0,0,0,0,0,0
1333,87,99,89,84,76,86,79,0,0,0,0,0,0,0
1334,82,85,80,83,75,62,81,0,0,0,0,0,0,0
1335,91,75,81,120,221,216,97,0,0,0,0,0,0,0
1336,64,69,68,61,59,66,60,0,0,0,0,0,0,0
1337,40,35,36,52,88,93,32,0,0,0,0,0,0,0
1338,121,124,133,146,141,127,120,0,0,0,0,0,0,0
1339,176,150,145,192,218,219,159,0,0,0,0,0,0,0
1340,145,157,151,160,116,96,152,0,0,0,0,0,0,0
1341,118,117,127,130,164,150,125,0,0,0,0,0,0,0
1342,101,101,101,136,186,161,86,0,0,0,0,0,0,0
1343,118,121,128,148,111,122,132,0,0,0,0,0,0,0
1344,157,168,146,164,262,303,176,0,0,0,0,0,0,0
1345,83,76,81,102,133,118,82,0,0,0,0,0,0,0
1346,993,1013,1078,1149,1583,1730,1141,0,0,0,0,0,0,0
1347,83,83,81,86,113,107,79,0,0,0,0,0,0,0
1348,106,120,124,186,211,163,108,0,0,0,0,0,0,0
1349,96,114,114,102,118,132,118,0,0,0,0,0,0,0
1350,534,525,503,569,605,528,546,0,0,0,0,0,0,0
1351,74,74,79,89,126,129,65,0,0,0,0,0,0,0
1352,51,48,47,61,80,82,48,0,0,0,0,0,0,0
1353,409,378,435,328,189,147,428,0,0,0,0,0,0,0
1354,207,192,216,223,205,258,207,0,0,0,0,0,0,0
1355,372,384,361,430,432,416,351,0,0,0,0,0,0,0
1356,148,151,145,174,197,197,143,0,0,0,0,0,0,0
1357,136,134,147,156,185,199,132,0,0,0,0,0,0,0
1358,191,190,190,211,345,382,197,0,0,0,0,0,0,0
1359,45,32,37,42,65,79,28,0,0,0,0,0,0,0
1360,59,54,54,61,79,66,60,0,0,0,0,0,0,0
1361,183,169,155,171,132,96,179,0,0,0,0,0,0,0
1362,54,59,55,65,66,63,53,0,0,0,0,0,0,0
1363,92,102,107,99,105,108,109,0,0,0,0,0,0,0
1364,55,69,72,90,135,143,62,0,0,0,0,0,0,0
1365,338,329,306,359,321,307,311,0,0,0,0,0,0,0
1366,159,178,159,181,26,25,173,0,0,0,0,0,0,0
1367,76,65,85,169,98,139,79,0,0,0,0,0,0,0
1368,96,98,108,112,100,88,114,0,0,0,0,0,0,0
1369,52,55,51,55,66,64,60,0,0,0,0,0,0,0
1370,121,125,129,141,134,147,124,0,0,0,0,0,0,0
1371,138,142,141,134,54,47,141,0,0,0,0,0,0,0
1372,963,983,1022,855,376,197,1007,0,0,0,0,0,0,0
1373,341,347,370,385,617,695,354,0,0,0,0,0,0,0
1374,60,58,63,79,72,72,45,0,0,0,0,0,0,0
1375,79,78,80,80,53,45,78,0,0,0,0,0,0,0
1376,134,144,126,169,206,207,129,0,0,0,0,0,0,0
1377,176,166,170,194,271,265,149,0,0,0,0,0,0,0
1378,94,87,87,90,70,63,90,0,0,0,0,0,0,0
1379,260,283,284,289,226,212,262,0,0,0,0,0,0,0
1380,53,55,58,57,56,56,54,0,0,0,0,0,0,0
1381,165,152,164,190,176,182,141,0,0,0,0,0,0,0
1382,67,62,68,68,61,62,56,0,0,0,0,0,0,0
1383,223,216,228,203,137,159,224,0,0,0,0,0,0,0
1384,33,33,33,38,79,70,38,0,0,0,0,0,0,0
1385,94,77,83,90,80,90,80,0,0,0,0,0,0,0
1386,72,81,76,81,75,76,64,0,0,0,0,0,0,0
1387,112,116,114,134,314,289,106,0,0,0,0,0,0,0
1388,56,63,55,89,105,97,56,0,0,0,0,0,0,0
1389,98,91,86,98,127,128,77,0,0,0,0,0,0,0
1390,38,34,44,53,80,80,42,0,0,0,0,0,0,0
1391,162,162,164,135,110,171,171,0,0,0,0,0,0,0
1392,278,282,291,294,252,241,284,0,0,0,0,0,0,0
1393,50,59,58,72,94,83,51,0,0,0,0,0,0,0
1394,404,423,390,417,298,302,430,0,0,0,0,0,0,0
1395,100,99,109,112,119,132,106,0,0,0,0,0,0,0
1396,317,323,354,325,364,384,333,0,0,0,0,0,0,0
1397,190,190,194,188,294,292,177,0,0,0,0,0,0,0
1398,46,49,43,57,80,84,38,0,0,0,0,0,0,0
1399,118,120,135,185,129,175,120,0,0,0,0,0,0,0
1400,163,164,153,147,130,133,185,0,0,0,0,0,0,0
1401,92,88,95,89,92,94,93,0,0,0,0,0,0,0
1402,95,100,91,89,58,62,98,0,0,0,0,0,0,0
1403,110,123,137,135,210,221,118,0,0,0,0,0,0,0
1404,150,135,154,162,141,137,134,0,0,0,0,0,0,0
1405,67,72,71,72,60,72,76,0,0,0,0,0,0,0
1406,60,67,61,57,61,57,59,0,0,0,0,0,0,0
1407,75,72,82,82,50,41,75,0,0,0,0,0,0,0
1408,77,78,75,83,75,80,74,0,0,0,0,0,0,0
1409,249,242,256,223,213,264,220,0,0,0,0,0,0,0
1410,120,126,139,160,187,170,129,0,0,0,0,0,0,0
1411,154,140,171,176,189,181,141,0,0,0,0,0,0,0
1412,101,105,118,166,282,244,103,0,0,0,0,0,0,0
1413,91,94,97,90,79,68,99,0,0,0,0,0,0,0
1414,44,44,38,43,56,60,42,0,0,0,0,0,0,0
1415,69,65,66,71,81,97,72,0,0,0,0,0,0,0
1416,50,50,50,61,90,94,45,0,0,0,0,0,0,0
1417,179,163,165,160,161,178,165,0,0,0,0,0,0,0
1418,73,74,73,61,65,67,78,0,0,0,0,0,0,0
1419,133,142,133,146,107,115,131,0,0,0,0,0,0,0
1420,235,234,222,207,100,98,220,0,0,0,0,0,0,0
1421,109,116,116,133,114,115,110,0,0,0,0,0,0,0
1422,100,114,108,129,148,129,115,0,0,0,0,0,0,0
1423,87,81,78,84,121,98,82,0,0,0,0,0,0,0
1424,157,160,193,213,226,212,154,0,0,0,0,0,0,0
1425,65,80,74,78,71,77,62,0,0,0,0,0,0,0
1426,602,588,601,604,183,114,583,0,0,0,0,0,0,0
1427,174,164,165,212,283,279,208,0,0,0,0,0,0,0
1428,67,66,56,77,106,106,64,0,0,0,0,0,0,0
1429,122,125,131,125,137,136,134,0,0,0,0,0,0,0
1430,54,51,58,55,27,25,57,0,0,0,0,0,0,0
1431,119,114,100,130,135,148,117,0,0,0,0,0,0,0
1432,247,273,240,420,485,482,277,0,0,0,0,0,0,0
1433,65,65,70,66,70,74,55,0,0,0,0,0,0,0
1434,502,502,512,562,482,460,487,0,0,0,0,0,0,0
1435,62,64,58,73,97,87,61,0,0,0,0,0,0,0
1436,256,270,253,304,358,340,271,0,0,0,0,0,0,0
1437,98,93,97,113,121,128,103,0,0,0,0,0,0,0
1438,128,138,147,160,201,188,129,0,0,0,0,0,0,0
1439,117,121,102,116,123,136,129,0,0,0,0,0,0,0
1440,119,108,136,125,135,149,128,0,0,0,0,0,0,0
1441,97,97,90,96,102,90,109,0,0,0,0,0,0,0
1442,48,43,60,54,56,53,46,0,0,0,0,0,0,0
1443,87,84,84,112,101,87,86,0,0,0,0,0,0,0
1444,60,58,38,87,169,144,55,0,0,0,0,0,0,0
1445,211,167,184,182,193,207,199,0,0,0,0,0,0,0
1446,264,261,252,285,156,165,285,0,0,0,0,0,0,0
1447,78,83,80,82,7,5,83,0,0,0,0,0,0,0
1448,52,46,49,43,79,68,36,0,0,0,0,0,0,0
1449,91,114,113,156,112,133,120,0,0,0,0,0,0,0
1450,69,62,53,73,99,101,58,0,0,0,0,0,0,0
1451,143,116,127,146,133,175,154,0,0,0,0,0,0,0
1452,58,64,64,61,73,78,50,0,0,0,0,0,0,0
1453,103,109,95,111,175,186,90,0,0,0,0,0,0,0
1454,134,142,136,131,137,144,134,0,0,0,0,0,0,0
1455,119,124,124,116,108,91,117,0,0,0,0,0,0,0
1456,104,98,108,112,110,106,94,0,0,0,0,0,0,0
1457,126,91,102,97,97,135,131,0,0,0,0,0,0,0
1458,74,76,85,94,98,109,73,0,0,0,0,0,0,0
1459,39,44,42,55,66,63,40,0,0,0,0,0,0,0
1460,47,49,49,68,110,112,46,0,0,0,0,0,0,0
1461,408,384,396,472,547,622,392,0,0,0,0,0,0,0
1462,58,64,57,57,45,37,58,0,0,0,0,0,0,0
1463,81,87,77,77,86,80,72,0,0,0,0,0,0,0
1464,83,103,79,126,157,160,91,0,0,0,0,0,0,0
1465,140,136,146,151,267,289,146,0,0,0,0,0,0,0
1466,108,109,99,111,112,124,103,0,0,0,0,0,0,0
1467,139,146,147,149,155,149,140,0,0,0,0,0,0,0
1468,129,107,130,131,194,247,127,0,0,0,0,0,0,0
1469,533,493,536,621,727,745,449,0,0,0,0,0,0,0
1470,77,68,80,104,152,133,62,0,0,0,0,0,0,0
1471,49,48,60,75,112,125,66,0,0,0,0,0,0,0
1472,317,296,348,341,358,411,323,0,0,0,0,0,0,0
1473,110,113,133,124,149,128,105,0,0,0,0,0,0,0
1474,173,151,169,205,288,295,157,0,0,0,0,0,0,0
1475,47,41,47,45,58,54,37,0,0,0,0,0,0,0
1476,66,62,67,72,77,69,62,0,0,0,0,0,0,0
1477,208,236,234,249,114,104,220,0,0,0,0,0,0,0
1478,270,269,273,232,186,242,253,0,0,0,0,0,0,0
1479,84,82,83,108,156,155,72,0,0,0,0,0,0,0
1480,74,68,63,68,64,63,67,0,0,0,0,0,0,0
1481,83,86,90,94,95,104,89,0,0,0,0,0,0,0
1482,80,90,88,95,132,123,87,0,0,0,0,0,0,0
1483,347,373,385,390,413,370,310,0,0,0,0,0,0,0
1484,143,157,142,203,262,213,149,0,0,0,0,0,0,0
1485,101,82,89,122,177,167,95,0,0,0,0,0,0,0
1486,48,51,57,60,85,79,48,0,0,0,0,0,0,0
1487,31,34,34,39,42,38,34,0,0,0,0,0,0,0
1488,106,110,99,111,105,119,104,0,0,0,0,0,0,0
1489,221,223,229,259,231,233,212,0,0,0,0,0,0,0
1490,83,88,85,96,134,134,92,0,0,0,0,0,0,0
1491,84,95,88,108,110,116,94,0,0,0,0,0,0,0
1492,62,62,59,55,56,56,65,0,0,0,0,0,0,0
1493,95,100,92,92,31,27,106,0,0,0,0,0,0,0
1494,161,170,187,216,276,252,176,0,0,0,0,0,0,0
1495,106,101,108,100,65,54,95,0,0,0,0,0,0,0
1496,140,137,138,140,168,181,138,0,0,0,0,0,0,0
1497,71,78,87,94,90,82,77,0,0,0,0,0,0,0
1498,64,57,73,87,117,129,69,0,0,0,0,0,0,0
1499,114,95,113,115,149,157,117,0,0,0,0,0,0,0
1500,190,167,179,198,232,274,208,0,0,0,0,0,0,0
1501,206,215,213,221,179,159,224,0,0,0,0,0,0,0
1502,187,178,195,157,144,126,190,0,0,0,0,0,0,0
1503,171,174,184,172,158,134,182,0,0,0,0,0,0,0
1504,99,95,102,107,90,89,116,0,0,0,0,0,0,0
1505,77,76,73,74,57,57,78,0,0,0,0,0,0,0
1506,69,72,73,83,106,117,73,0,0,0,0,0,0,0
1507,76,74,90,82,73,77,77,0,0,0,0,0,0,0
1508,47,46,49,54,92,93,47,0,0,0,0,0,0,0
1509,72,67,72,80,74,61,69,0,0,0,0,0,0,0
1510,29,34,32,36,32,36,38,0,0,0,0,0,0,0
1511,115,122,121,170,276,228,118,0,0,0,0,0,0,0
1512,75,67,77,117,112,124,71,0,0,0,0,0,0,0
1513,54,59,73,73,108,100,69,0,0,0,0,0,0,0
1514,179,169,184,153,113,122,171,0,0,0,0,0,0,0
1515,193,211,167,222,298,326,192,0,0,0,0,0,0,0
1516,78,77,79,86,61,55,80,0,0,0,0,0,0,0
1517,52,58,51,82,119,111,57,0,0,0,0,0,0,0
1518,80,86,93,90,103,121,84,0,0,0,0,0,0,0
1519,99,91,102,94,93,121,105,0,0,0,0,0,0,0
1520,46,47,45,46,48,48,41,0,0,0,0,0,0,0
1521,95,101,103,99,93,98,100,0,0,0,0,0,0,0
1522,140,122,142,162,115,120,149,0,0,0,0,0,0,0
1523,102,105,101,107,85,79,99,0,0,0,0,0,0,0
1524,138,137,127,153,192,170,124,0,0,0,0,0,0,0
1525,113,119,111,128,133,121,124,0,0,0,0,0,0,0
1526,34,74,60,33,28,58,55,0,0,0,0,0,0,0
1527,52,53,62,67,93,102,48,0,0,0,0,0,0,0
1528,404,447,398,354,286,380,435,0,0,0,0,0,0,0
1529,36,40,42,37,29,29,37,0,0,0,0,0,0,0
1530,65,61,67,75,66,64,65,0,0,0,0,0,0,0
1531,90,89,89,98,95,98,91,0,0,0,0,0,0,0
1532,104,102,82,105,81,56,85,0,0,0,0,0,0,0
1533,79,76,97,120,177,170,102,0,0,0,0,0,0,0
1534,110,107,110,124,111,111,107,0,0,0,0,0,0,0
1535,580,703,636,698,693,901,672,0,0,0,0,0,0,0
1536,90,100,92,122,110,143,112,0,0,0,0,0,0,0
1537,68,70,67,79,109,106,65,0,0,0,0,0,0,0
1538,102,96,107,122,144,158,97,0,0,0,0,0,0,0
1539,136,131,139,159,206,205,130,0,0,0,0,0,0,0
1540,94,116,153,263,202,263,129,0,0,0,0,0,0,0
1541,70,75,77,91,108,100,63,0,0,0,0,0,0,0
1542,57,57,57,67,68,67,48,0,0,0,0,0,0,0
1543,63,66,63,57,63,77,66,0,0,0,0,0,0,0
1544,165,136,121,173,277,291,161,0,0,0,0,0,0,0
1545,73,80,85,78,85,89,83,0,0,0,0,0,0,0
1546,64,63,54,80,82,101,69,0,0,0,0,0,0,0
1547,54,52,59,70,129,120,48,0,0,0,0,0,0,0
1548,37,38,51,27,33,30,31,0,0,0,0,0,0,0
1549,132,111,119,102,129,148,106,0,0,0,0,0,0,0
1550,129,125,132,125,128,132,145,0,0,0,0,0,0,0
1551,113,122,114,115,88,81,110,0,0,0,0,0,0,0
1552,54,59,59,65,107,80,50,0,0,0,0,0,0,0
1553,117,111,104,121,151,138,102,0,0,0,0,0,0,0
1554,116,125,124,109,92,74,127,0,0,0,0,0,0,0
1555,131,145,136,181,251,252,125,0,0,0,0,0,0,0
1556,95,83,79,105,86,92,85,0,0,0,0,0,0,0
1557,302,271,300,363,427,384,282,0,0,0,0,0,0,0
1558,74,75,69,87,214,221,74,0,0,0,0,0,0,0
1559,52,63,66,92,90,96,61,0,0,0,0,0,0,0
1560,204,214,213,238,281,263,205,0,0,0,0,0,0,0
1561,305,297,298,258,27,21,333,0,0,0,0,0,0,0
1562,55,52,53,54,63,67,56,0,0,0,0,0,0,0
1563,45,46,49,47,58,60,47,0,0,0,0,0,0,0
1564,147,153,160,182,233,201,134,0,0,0,0,0,0,0
1565,90,90,82,75,52,48,89,0,0,0,0,0,0,0
1566,94,93,79,86,87,94,72,0,0,0,0,0,0,0
1567,73,70,68,77,47,37,70,0,0,0,0,0,0,0
1568,183,154,162,236,332,326,173,0,0,0,0,0,0,0
1569,118,113,124,92,86,76,117,0,0,0,0,0,0,0
1570,139,138,142,146,155,171,143,0,0,0,0,0,0,0
1571,488,500,553,483,185,192,552,0,0,0,0,0,0,0
1572,122,112,128,154,124,115,123,0,0,0,0,0,0,0
1573,228,221,209,212,156,135,219,0,0,0,0,0,0,0
1574,72,77,77,91,92,93,74,0,0,0,0,0,0,0
1575,69,63,60,64,88,80,57,0,0,0,0,0,0,0
1576,79,86,90,126,159,130,81,0,0,0,0,0,0,0
1577,31,31,25,36,66,71,30,0,0,0,0,0,0,0
1578,113,120,101,105,84,88,112,0,0,0,0,0,0,0
1579,33,31,30,45,65,67,40,0,0,0,0,0,0,0
1580,133,110,126,149,255,262,131,0,0,0,0,0,0,0
1581,55,55,53,65,70,81,58,0,0,0,0,0,0,0
1582,106,96,106,116,119,114,96,0,0,0,0,0,0,0
1583,246,273,262,314,237,189,267,0,0,0,0,0,0,0
1584,224,194,199,204,224,237,228,0,0,0,0,0,0,0
1585,109,98,99,103,75,59,111,0,0,0,0,0,0,0
1586,43,47,46,56,71,70,46,0,0,0,0,0,0,0
1587,71,67,65,75,91,92,70,0,0,0,0,0,0,0
1588,83,100,102,117,124,135,90,0,0,0,0,0,0,0
1589,143,116,126,143,80,101,151,0,0,0,0,0,0,0
1590,182,210,245,228,206,262,222,0,0,0,0,0,0,0
1591,200,227,232,201,247,154,220,0,0,0,0,0,0,0
1592,66,65,72,73,88,80,64,0,0,0,0,0,0,0
1593,68,65,80,122,95,109,76,0,0,0,0,0,0,0
1594,100,103,103,136,130,123,95,0,0,0,0,0,0,0
1595,71,71,66,88,116,119,82,0,0,0,0,0,0,0
1596,174,159,149,158,127,112,171,0,0,0,0,0,0,0
1597,235,237,240,213,104,41,255,0,0,0,0,0,0,0
1598,54,54,52,55,48,37,56,0,0,0,0,0,0,0
1599,84,83,88,101,106,106,83,0,0,0,0,0,0,0
1600,56,60,63,63,66,69,57,0,0,0,0,0,0,0
1601,66,66,59,59,60,63,69,0,0,0,0,0,0,0
1602,80,83,76,88,89,88,82,0,0,0,0,0,0,0
1603,155,154,154,220,145,148,169,0,0,0,0,0,0,0
1604,44,49,48,66,91,86,51,0,0,0,0,0,0,0
1605,220,228,204,217,304,335,223,0,0,0,0,0,0,0
1606,76,70,71,91,72,63,77,0,0,0,0,0,0,0
1607,52,51,48,58,55,57,45,0,0,0,0,0,0,0
1608,153,140,137,126,147,157,156,0,0,0,0,0,0,0
1609,73,75,74,75,83,89,74,0,0,0,0,0,0,0
1610,261,278,256,260,284,261,275,0,0,0,0,0,0,0
1611,87,99,98,106,167,187,107,0,0,0,0,0,0,0
1612,177,194,188,181,157,141,190,0,0,0,0,0,0,0
1613,395,366,390,371,69,54,371,0,0,0,0,0,0,0
1614,68,67,88,69,102,141,72,0,0,0,0,0,0,0
1615,262,260,277,259,116,95,280,0,0,0,0,0,0,0
1616,399,408,423,441,503,608,436,0,0,0,0,0,0,0
1617,61,70,76,78,62,55,69,0,0,0,0,0,0,0
1618,75,72,78,81,99,89,76,0,0,0,0,0,0,0
1619,149,139,148,175,233,259,142,0,0,0,0,0,0,0
1620,286,308,326,305,208,216,324,0,0,0,0,0,0,0
1621,120,112,127,111,94,112,130,0,0,0,0,0,0,0
1622,134,120,126,118,117,126,134,0,0,0,0,0,0,0
1623,280,262,256,333,392,381,277,0,0,0,0,0,0,0
1624,345,360,330,400,462,468,355,0,0,0,0,0,0,0
1625,166,132,160,165,179,226,177,0,0,0,0,0,0,0
1626,364,359,378,365,175,156,366,0,0,0,0,0,0,0
1627,180,165,152,187,210,203,165,0,0,0,0,0,0,0
1628,105,119,120,136,135,138,128,0,0,0,0,0,0,0
1629,1832,1685,1850,2038,3058,3313,1959,0,0,0,0,0,0,0
1630,91,98,84,100,86,101,89,0,0,0,0,0,0,0
1631,342,370,386,318,422,420,363,0,0,0,0,0,0,0
1632,47,47,43,47,58,52,40,0,0,0,0,0,0,0
1633,69,73,75,68,94,88,87,0,0,0,0,0,0,0
1634,110,96,105,88,97,116,95,0,0,0,0,0,0,0
1635,61,57,45,65,83,83,68,0,0,0,0,0,0,0
1636,66,69,72,73,73,63,62,0,0,0,0,0,0,0
1637,147,140,160,141,90,99,159,0,0,0,0,0,0,0
1638,113,96,102,107,201,207,109,0,0,0,0,0,0,0
1639,52,64,56,77,176,177,56,0,0,0,0,0,0,0
1640,35,35,33,46,95,104,31,0,0,0,0,0,0,0
1641,71,73,76,89,88,91,65,0,0,0,0,0,0,0
1642,252,242,252,280,306,294,261,0,0,0,0,0,0,0
1643,38,44,43,60,62,44,37,0,0,0,0,0,0,0
1644,118,115,126,135,145,144,134,0,0,0,0,0,0,0
1645,308,303,312,329,296,290,341,0,0,0,0,0,0,0
1646,65,68,69,77,89,95,56,0,0,0,0,0,0,0
1647,211,212,228,259,338,314,235,0,0,0,0,0,0,0
1648,178,212,213,215,251,276,202,0,0,0,0,0,0,0
1649,47,40,38,47,76,67,39,0,0,0,0,0,0,0
1650,231,242,230,234,101,121,257,0,0,0,0,0,0,0
1651,95,94,99,111,106,107,87,0,0,0,0,0,0,0
1652,98,98,92,88,80,82,88,0,0,0,0,0,0,0
1653,97,96,93,99,125,135,108,0,0,0,0,0,0,0
1654,64,62,63,81,83,84,60,0,0,0,0,0,0,0
1655,86,114,118,106,57,48,117,0,0,0,0,0,0,0
1656,50,48,42,49,57,60,53,0,0,0,0,0,0,0
1657,114,105,99,104,116,116,117,0,0,0,0,0,0,0
1658,268,281,268,287,242,241,304,0,0,0,0,0,0,0
1659,77,74,72,74,87,89,81,0,0,0,0,0,0,0
1660,54,60,60,62,102,106,49,0,0,0,0,0,0,0
1661,384,386,329,459,561,572,369,0,0,0,0,0,0,0
1662,77,81,79,89,123,115,71,0,0,0,0,0,0,0
1663,307,348,321,320,359,350,273,0,0,0,0,0,0,0
1664,60,57,65,89,85,93,61,0,0,0,0,0,0,0
1665,147,133,135,128,120,63,113,0,0,0,0,0,0,0
1666,216,212,219,250,325,314,214,0,0,0,0,0,0,0
1667,305,317,363,406,347,314,355,0,0,0,0,0,0,0
1668,97,95,106,143,184,168,103,0,0,0,0,0,0,0
1669,84,88,93,88,105,132,92,0,0,0,0,0,0,0
1670,159,150,161,198,265,259,157,0,0,0,0,0,0,0
1671,67,91,84,94,134,134,84,0,0,0,0,0,0,0
1672,73,64,65,91,150,121,64,0,0,0,0,0,0,0
1673,227,225,219,287,341,335,244,0,0,0,0,0,0,0
1674,70,63,67,62,72,70,60,0,0,0,0,0,0,0
1675,72,75,77,93,117,97,76,0,0,0,0,0,0,0
1676,112,120,116,121,111,98,119,0,0,0,0,0,0,0
1677,100,106,114,118,176,145,104,0,0,0,0,0,0,0
1678,86,85,72,86,86,96,83,0,0,0,0,0,0,0
1679,144,147,136,143,64,43,140,0,0,0,0,0,0,0
1680,146,160,144,168,111,81,149,0,0,0,0,0,0,0
1681,58,43,50,58,88,84,60,0,0,0,0,0,0,0
1682,92,103,89,107,142,124,88,0,0,0,0,0,0,0
1683,35,35,39,49,109,99,35,0,0,0,0,0,0,0
1684,67,79,54,91,111,118,71,0,0,0,0,0,0,0
1685,122,108,122,89,83,77,106,0,0,0,0,0,0,0
1686,77,83,87,88,25,18,86,0,0,0,0,0,0,0
1687,515,529,516,608,842,810,542,0,0,0,0,0,0,0
1688,84,92,84,82,68,65,90,0,0,0,0,0,0,0
1689,68,72,82,92,120,120,81,0,0,0,0,0,0,0
1690,241,283,294,318,281,229,254,0,0,0,0,0,0,0
1691,41,41,43,45,52,55,40,0,0,0,0,0,0,0
1692,160,165,178,178,271,325,168,0,0,0,0,0,0,0
1693,91,69,91,90,104,125,106,0,0,0,0,0,0,0
1694,28,22,22,31,127,141,25,0,0,0,0,0,0,0
1695,87,80,84,90,100,102,90,0,0,0,0,0,0,0
1696,98,97,105,113,82,81,118,0,0,0,0,0,0,0
1697,97,102,91,135,210,209,104,0,0,0,0,0,0,0
1698,422,443,438,397,196,140,389,0,0,0,0,0,0,0
1699,71,81,69,81,116,131,69,0,0,0,0,0,0,0
1700,93,96,99,99,117,121,107,0,0,0,0,0,0,0
1701,82,84,86,82,77,72,84,0,0,0,0,0,0,0
1702,59,62,65,73,64,30,62,0,0,0,0,0,0,0
1703,32,31,29,38,58,49,33,0,0,0,0,0,0,0
1704,457,427,433,396,330,331,430,0,0,0,0,0,0,0
1705,75,69,67,72,83,83,63,0,0,0,0,0,0,0
1706,298,305,283,281,87,89,263,0,0,0,0,0,0,0
1707,277,271,276,207,186,237,283,0,0,0,0,0,0,0
1708,151,158,161,249,148,173,124,0,0,0,0,0,0,0
1709,902,841,861,826,182,172,908,0,0,0,0,0,0,0
1710,204,193,209,209,249,230,216,0,0,0,0,0,0,0
1711,104,116,115,97,112,76,103,0,0,0,0,0,0,0
1712,49,57,51,65,78,91,53,0,0,0,0,0,0,0
1713,70,65,73,77,48,57,78,0,0,0,0,0,0,0
1714,169,181,193,164,115,89,192,0,0,0,0,0,0,0
1715,38,47,53,54,112,114,42,0,0,0,0,0,0,0
1716,180,169,176,149,20,9,187,0,0,0,0,0,0,0
1717,225,227,226,255,337,363,233,0,0,0,0,0,0,0
1718,63,58,62,69,59,65,64,0,0,0,0,0,0,0
1719,244,260,266,209,183,191,288,0,0,0,0,0,0,0
1720,226,229,200,207,184,174,190,0,0,0,0,0,0,0
1721,68,65,73,64,55,46,67,0,0,0,0,0,0,0
1722,181,166,163,186,245,221,191,0,0,0,0,0,0,0
1723,69,74,80,100,97,85,77,0,0,0,0,0,0,0
1724,113,87,104,101,105,110,96,0,0,0,0,0,0,0
1725,139,192,204,175,206,183,175,0,0,0,0,0,0,0
1726,306,277,251,298,503,509,335,0,0,0,0,0,0,0
1727,212,226,230,241,189,186,230,0,0,0,0,0,0,0
1728,101,96,99,108,81,34,99,0,0,0,0,0,0,0
1729,71,66,71,89,98,119,56,0,0,0,0,0,0,0
1730,45,44,46,60,91,91,45,0,0,0,0,0,0,0
1731,68,71,69,82,97,82,55,0,0,0,0,0,0,0
1732,146,154,137,194,196,208,144,0,0,0,0,0,0,0
1733,107,119,127,127,21,8,130,0,0,0,0,0,0,0
1734,89,86,103,104,109,84,84,0,0,0,0,0,0,0
1735,75,78,72,98,129,123,69,0,0,0,0,0,0,0
1736,41,43,45,44,50,46,45,0,0,0,0,0,0,0
1737,88,81,84,78,15,13,84,0,0,0,0,0,0,0
1738,113,120,121,130,136,138,119,0,0,0,0,0,0,0
1739,66,53,60,64,47,52,59,0,0,0,0,0,0,0
1740,109,98,113,103,52,29,112,0,0,0,0,0,0,0
1741,77,74,79,97,176,162,74,0,0,0,0,0,0,0
1742,87,98,86,89,53,49,99,0,0,0,0,0,0,0
1743,241,268,228,308,287,325,269,0,0,0,0,0,0,0
1744,123,98,109,150,145,157,90,0,0,0,0,0,0,0
1745,349,409,384,445,552,576,421,0,0,0,0,0,0,0
1746,105,108,88,92,89,104,100,0,0,0,0,0,0,0
1747,16,23,22,34,63,52,27,0,0,0,0,0,0,0
1748,85,67,81,81,115,117,73,0,0,0,0,0,0,0
1749,51,56,49,46,48,52,51,0,0,0,0,0,0,0
1750,107,103,102,129,160,146,103,0,0,0,0,0,0,0
1751,214,232,201,235,282,311,251,0,0,0,0,0,0,0
1752,197,265,238,302,386,377,222,0,0,0,0,0,0,0
1753,272,273,277,267,180,150,268,0,0,0,0,0,0,0
1754,51,54,52,50,61,48,51,0,0,0,0,0,0,0
1755,75,60,69,81,80,83,86,0,0,0,0,0,0,0
1756,136,144,122,163,223,203,130,0,0,0,0,0,0,0
1757,82,76,81,111,167,151,72,0,0,0,0,0,0,0
1758,41,35,38,58,88,72,42,0,0,0,0,0,0,0
1759,448,442,416,403,359,376,489,0,0,0,0,0,0,0
1760,112,126,129,137,155,137,114,0,0,0,0,0,0,0
1761,47,41,40,53,80,94,41,0,0,0,0,0,0,0
1762,208,181,219,217,153,149,219,0,0,0,0,0,0,0
1763,134,135,136,148,180,126,126,0,0,0,0,0,0,0
1764,119,132,142,116,45,43,114,0,0,0,0,0,0,0
1765,158,154,163,186,192,189,169,0,0,0,0,0,0,0
1766,119,111,110,116,116,120,116,0,0,0,0,0,0,0
1767,127,112,119,136,176,187,129,0,0,0,0,0,0,0
1768,299,277,283,289,153,123,286,0,0,0,0,0,0,0
1769,57,59,65,77,78,76,60,0,0,0,0,0,0,0
1770,199,183,160,190,313,333,188,0,0,0,0,0,0,0
1771,205,182,180,175,135,130,189,0,0,0,0,0,0,0
1772,45,43,43,55,143,120,42,0,0,0,0,0,0,0
1773,61,64,70,79,112,104,55,0,0,0,0,0,0,0
1774,116,119,107,106,53,28,127,0,0,0,0,0,0,0
1775,233,230,231,266,302,291,207,0,0,0,0,0,0,0
1776,110,108,122,126,161,161,106,0,0,0,0,0,0,0
1777,100,96,92,104,73,80,91,0,0,0,0,0,0,0
1778,187,199,184,189,206,222,183,0,0,0,0,0,0,0
1779,232,230,228,250,137,114,225,0,0,0,0,0,0,0
1780,75,91,89,89,114,101,78,0,0,0,0,0,0,0
1781,66,61,60,65,36,33,70,0,0,0,0,0,0,0
1782,97,95,111,118,122,114,96,0,0,0,0,0,0,0
1783,336,351,337,402,510,657,365,0,0,0,0,0,0,0
1784,191,215,207,230,267,229,202,0,0,0,0,0,0,0
1785,62,65,70,79,87,83,70,0,0,0,0,0,0,0
1786,180,202,201,190,167,201,187,0,0,0,0,0,0,0
1787,128,134,133,133,93,129,149,0,0,0,0,0,0,0
1788,56,52,54,48,57,58,53,0,0,0,0,0,0,0
1789,131,118,122,120,98,92,120,0,0,0,0,0,0,0
1790,251,263,250,386,326,262,257,0,0,0,0,0,0,0
1791,97,105,91,128,120,109,94,0,0,0,0,0,0,0
1792,105,89,123,125,131,131,97,0,0,0,0,0,0,0
1793,87,77,88,81,112,139,97,0,0,0,0,0,0,0
1794,99,97,94,114,159,165,114,0,0,0,0,0,0,0
1795,68,73,81,74,121,119,80,0,0,0,0,0,0,0
1796,188,183,188,273,394,320,198,0,0,0,0,0,0,0
1797,97,85,99,96,42,33,98,0,0,0,0,0,0,0
1798,67,65,62,61,57,40,73,0,0,0,0,0,0,0
1799,103,113,102,105,91,108,127,0,0,0,0,0,0,0
1800,57,66,64,86,83,74,59,0,0,0,0,0,0,0
1801,76,75,70,114,204,198,69,0,0,0,0,0,0,0
1802,40,44,38,43,48,46,42,0,0,0,0,0,0,0
1803,86,67,60,56,64,85,109,0,0,0,0,0,0,0
1804,96,79,92,120,257,320,91,0,0,0,0,0,0,0
1805,56,56,60,65,63,54,53,0,0,0,0,0,0,0
1806,120,82,130,110,95,40,112,0,0,0,0,0,0,0
1807,108,113,115,129,165,156,98,0,0,0,0,0,0,0
1808,51,64,53,56,51,54,62,0,0,0,0,0,0,0
1809,114,111,114,146,116,100,100,0,0,0,0,0,0,0
1810,121,103,105,120,104,99,140,0,0,0,0,0,0,0
1811,112,108,118,120,96,90,112,0,0,0,0,0,0,0
1812,92,92,89,100,136,112,74,0,0,0,0,0,0,0
1813,146,138,128,139,141,143,153,0,0,0,0,0,0,0
1814,113,110,114,115,88,68,127,0,0,0,0,0,0,0
1815,76,79,79,78,83,88,70,0,0,0,0,0,0,0
1816,60,56,66,66,70,52,59,0,0,0,0,0,0,0
1817,167,166,176,183,166,151,163,0,0,0,0,0,0,0
1818,245,227,208,215,179,232,267,0,0,0,0,0,0,0
1819,48,50,48,54,71,67,44,0,0,0,0,0,0,0
1820,109,101,99,106,133,127,97,0,0,0,0,0,0,0
1821,822,759,818,861,1346,1551,871,0,0,0,0,0,0,0
1822,108,104,96,83,106,100,104,0,0,0,0,0,0,0
1823,81,75,77,86,135,147,73,0,0,0,0,0,0,0
1824,0,0,0,0,0,0,0,0,0,0,0,0,0,0
1825,161,190,168,160,136,152,198,0,0,0,0,0,0,0
1826,171,172,171,183,232,255,185,0,0,0,0,0,0,0
1827,63,64,61,84,85,90,70,0,0,0,0,0,0,0
1828,152,161,221,218,262,249,193,0,0,0,0,0,0,0
1829,122,136,138,154,181,186,133,0,0,0,0,0,0,0
1830,36,33,39,36,43,47,35,0,0,0,0,0,0,0
1831,644,635,687,587,251,143,673,0,0,0,0,0,0,0
1832,98,94,101,87,103,114,98,0,0,0,0,0,0,0
1833,57,53,68,57,75,77,55,0,0,0,0,0,0,0
1834,53,68,66,72,64,54,52,0,0,0,0,0,0,0
1835,47,46,49,59,77,71,42,0,0,0,0,0,0,0
1836,131,120,134,148,150,169,131,0,0,0,0,0,0,0
1837,79,76,81,86,112,115,67,0,0,0,0,0,0,0
1838,113,110,128,144,158,165,121,0,0,0,0,0,0,0
1839,123,128,115,132,248,213,117,0,0,0,0,0,0,0
1840,36,42,51,96,51,52,35,0,0,0,0,0,0,0
1841,41,39,39,44,64,57,41,0,0,0,0,0,0,0
1842,224,221,223,219,226,273,233,0,0,0,0,0,0,0
1843,729,665,677,624,102,106,689,0,0,0,0,0,0,0
1844,89,94,101,104,115,110,99,0,0,0,0,0,0,0
1845,66,58,63,62,60,66,62,0,0,0,0,0,0,0
1846,60,51,62,64,91,98,51,0,0,0,0,0,0,0
1847,64,55,65,70,79,65,64,0,0,0,0,0,0,0
1848,70,68,66,75,92,97,66,0,0,0,0,0,0,0
1849,78,78,72,80,65,66,73,0,0,0,0,0,0,0
1850,294,292,270,394,548,500,282,0,0,0,0,0,0,0
1851,161,157,161,179,120,86,156,0,0,0,0,0,0,0
1852,74,80,79,78,82,101,81,0,0,0,0,0,0,0
1853,179,185,188,224,184,166,149,0,0,0,0,0,0,0
1854,144,137,143,145,139,159,151,0,0,0,0,0,0,0
1855,225,223,226,236,120,66,219,0,0,0,0,0,0,0
1856,75,74,76,72,5,5,73,0,0,0,0,0,0,0
1857,113,115,108,114,117,111,133,0,0,0,0,0,0,0
1858,77,71,68,73,33,30,82,0,0,0,0,0,0,0
1859,303,322,345,358,341,360,309,0,0,0,0,0,0,0
1860,91,80,98,127,181,177,87,0,0,0,0,0,0,0
1861,174,173,172,207,280,302,193,0,0,0,0,0,0,0
1862,49,47,48,60,101,101,42,0,0,0,0,0,0,0
1863,104,97,108,122,121,122,95,0,0,0,0,0,0,0
1864,125,135,125,122,103,106,122,0,0,0,0,0,0,0
1865,51,48,54,69,120,116,57,0,0,0,0,0,0,0
1866,108,104,88,72,53,67,115,0,0,0,0,0,0,0
1867,242,223,221,235,65,47,229,0,0,0,0,0,0,0
1868,58,60,63,79,75,73,70,0,0,0,0,0,0,0
1869,56,73,57,70,88,100,48,0,0,0,0,0,0,0
1870,115,125,111,111,69,67,128,0,0,0,0,0,0,0
1871,40,43,39,51,77,66,39,0,0,0,0,0,0,0
1872,243,268,267,290,323,341,263,0,0,0,0,0,0,0
1873,145,135,137,124,91,98,141,0,0,0,0,0,0,0
1874,198,200,200,223,206,229,180,0,0,0,0,0,0,0
1875,804,778,798,750,49,50,819,0,0,0,0,0,0,0
1876,191,201,197,233,220,211,189,0,0,0,0,0,0,0
1877,123,120,122,160,187,180,124,0,0,0,0,0,0,0
1878,137,132,124,155,137,145,140,0,0,0,0,0,0,0
1879,88,82,79,69,86,98,88,0,0,0,0,0,0,0
1880,166,142,135,192,257,264,137,0,0,0,0,0,0,0
1881,547,577,584,552,293,308,568,0,0,0,0,0,0,0
1882,161,152,147,181,253,223,145,0,0,0,0,0,0,0
1883,47,53,57,72,96,88,60,0,0,0,0,0,0,0
1884,106,88,87,112,160,178,103,0,0,0,0,0,0,0
1885,87,87,83,100,86,73,85,0,0,0,0,0,0,0
1886,109,109,93,89,77,107,110,0,0,0,0,0,0,0
1887,88,88,101,111,177,193,93,0,0,0,0,0,0,0
1888,70,73,81,70,99,90,83,0,0,0,0,0,0,0
1889,60,58,61,56,20,18,61,0,0,0,0,0,0,0
1890,401,381,400,378,189,201,418,0,0,0,0,0,0,0
1891,43,43,42,47,48,48,44,0,0,0,0,0,0,0
1892,92,87,87,100,119,130,93,0,0,0,0,0,0,0
1893,46,46,46,50,66,67,43,0,0,0,0,0,0,0
1894,231,244,232,206,59,48,205,0,0,0,0,0,0,0
1895,156,162,165,168,170,146,165,0,0,0,0,0,0,0
1896,51,50,52,55,56,64,47,0,0,0,0,0,0,0
1897,79,79,80,69,72,80,85,0,0,0,0,0,0,0
1898,293,367,327,365,381,351,319,0,0,0,0,0,0,0
1899,16,21,16,27,26,27,18,0,0,0,0,0,0,0
1900,49,51,55,59,55,53,48,0,0,0,0,0,0,0
1901,445,452,435,475,672,722,439,0,0,0,0,0,0,0
1902,102,96,102,102,99,116,117,0,0,0,0,0,0,0
1903,229,209,216,278,306,278,206,0,0,0,0,0,0,0
1904,161,165,159,119,96,106,136,0,0,0,0,0,0,0
1905,165,170,167,202,167,150,171,0,0,0,0,0,0,0
1906,368,374,357,479,603,687,350,0,0,0,0,0,0,0
1907,123,121,123,127,77,54,120,0,0,0,0,0,0,0
1908,44,68,61,72,97,105,54,0,0,0,0,0,0,0
1909,88,88,83,82,67,50,88,0,0,0,0,0,0,0
1910,57,63,61,46,53,49,57,0,0,0,0,0,0,0
1911,99,77,93,125,178,149,102,0,0,0,0,0,0,0
1912,164,138,158,187,204,197,159,0,0,0,0,0,0,0
1913,36,50,44,45,42,48,40,0,0,0,0,0,0,0
1914,155,154,160,177,156,150,168,0,0,0,0,0,0,0
1915,87,88,90,90,68,61,85,0,0,0,0,0,0,0
1916,112,117,108,120,103,100,117,0,0,0,0,0,0,0
1917,118,103,113,116,115,153,104,0,0,0,0,0,0,0
1918,6,10,5,5,4,5,6,0,0,0,0,0,0,0
1919,112,116,136,120,121,102,126,0,0,0,0,0,0,0
1920,84,69,74,75,48,39,69,0,0,0,0,0,0,0
1921,157,144,130,175,187,185,142,0,0,0,0,0,0,0
1922,257,254,264,281,413,429,245,0,0,0,0,0,0,0
1923,103,125,117,130,175,196,109,0,0,0,0,0,0,0
1924,74,64,93,116,107,122,88,0,0,0,0,0,0,0
1925,48,42,47,59,107,86,50,0,0,0,0,0,0,0
1926,93,84,76,80,35,31,83,0,0,0,0,0,0,0
1927,516,524,488,495,346,416,529,0,0,0,0,0,0,0
1928,808,889,920,1439,977,985,835,0,0,0,0,0,0,0
1929,87,88,100,88,47,42,99,0,0,0,0,0,0,0
1930,105,98,97,110,117,138,92,0,0,0,0,0,0,0
1931,335,344,376,342,413,399,358,0,0,0,0,0,0,0
1932,245,241,251,226,270,318,259,0,0,0,0,0,0,0
1933,73,69,88,108,116,105,75,0,0,0,0,0,0,0
1934,68,81,83,91,114,114,79,0,0,0,0,0,0,0
1935,252,249,259,303,228,316,263,0,0,0,0,0,0,0
1936,134,107,126,156,170,174,121,0,0,0,0,0,0,0
1937,171,157,177,155,171,175,160,0,0,0,0,0,0,0
1938,72,74,64,136,212,196,80,0,0,0,0,0,0,0
1939,155,179,144,176,291,305,175,0,0,0,0,0,0,0
1940,108,122,107,129,147,140,98,0,0,0,0,0,0,0
1941,184,174,160,179,174,198,188,0,0,0,0,0,0,0
1942,62,68,62,90,136,130,63,0,0,0,0,0,0,0
1943,144,141,151,144,147,141,159,0,0,0,0,0,0,0
1944,516,431,467,512,594,661,522,0,0,0,0,0,0,0
1945,322,333,314,366,341,352,328,0,0,0,0,0,0,0
1946,100,90,97,124,160,168,103,0,0,0,0,0,0,0
1947,45,48,48,44,34,24,44,0,0,0,0,0,0,0
1948,219,189,193,171,229,273,223,0,0,0,0,0,0,0
1949,74,74,73,65,84,89,78,0,0,0,0,0,0,0
1950,233,238,237,242,316,365,241,0,0,0,0,0,0,0
1951,105,94,95,129,143,128,92,0,0,0,0,0,0,0
1952,56,59,54,59,74,72,55,0,0,0,0,0,0,0
1953,58,67,71,80,98,100,61,0,0,0,0,0,0,0
1954,355,368,372,407,480,512,377,0,0,0,0,0,0,0
1955,131,141,153,194,263,233,125,0,0,0,0,0,0,0
1956,129,131,128,124,126,146,128,0,0,0,0,0,0,0
1957,88,82,85,81,119,114,87,0,0,0,0,0,0,0
1958,219,171,197,212,154,120,222,0,0,0,0,0,0,0
1959,354,395,383,362,237,329,444,0,0,0,0,0,0,0
1960,191,190,196,234,280,296,210,0,0,0,0,0,0,0
1961,111,117,110,103,85,66,111,0,0,0,0,0,0,0
1962,145,114,141,133,136,167,144,0,0,0,0,0,0,0
1963,119,112,118,122,87,66,123,0,0,0,0,0,0,0
1964,108,99,101,106,83,63,107,0,0,0,0,0,0,0
1965,112,103,115,118,129,137,121,0,0,0,0,0,0,0
1966,232,236,223,220,277,96,276,0,0,0,0,0,0,0
1967,176,164,167,189,251,236,178,0,0,0,0,0,0,0
1968,15,15,15,20,30,29,13,0,0,0,0,0,0,0
1969,85,82,90,81,86,93,84,0,0,0,0,0,0,0
1970,252,234,213,267,315,340,195,0,0,0,0,0,0,0
1971,244,229,229,248,167,156,230,0,0,0,0,0,0,0
1972,67,63,75,89,130,128,66,0,0,0,0,0,0,0
1973,49,50,50,51,36,32,50,0,0,0,0,0,0,0
1974,169,151,151,167,107,114,161,0,0,0,0,0,0,0
1975,166,168,166,269,310,313,170,0,0,0,0,0,0,0
1976,78,98,91,103,100,107,95,0,0,0,0,0,0,0
1977,131,126,140,127,117,134,138,0,0,0,0,0,0,0
1978,191,169,180,255,226,247,164,0,0,0,0,0,0,0
1979,57,63,59,79,72,70,62,0,0,0,0,0,0,0
1980,45,46,46,45,68,62,45,0,0,0,0,0,0,0
1981,106,109,118,104,83,88,113,0,0,0,0,0,0,0
1982,75,75,76,79,67,52,84,0,0,0,0,0,0,0
1983,106,104,111,113,103,105,97,0,0,0,0,0,0,0
1984,66,62,61,57,58,53,67,0,0,0,0,0,0,0
1985,429,434,478,667,511,477,409,0,0,0,0,0,0,0
1986,92,90,92,95,95,105,84,0,0,0,0,0,0,0
1987,48,49,56,74,103,107,49,0,0,0,0,0,0,0
1988,169,182,181,191,245,257,193,0,0,0,0,0,0,0
1989,63,57,56,102,88,124,60,0,0,0,0,0,0,0
1990,88,78,82,98,126,116,67,0,0,0,0,0,0,0
1991,141,139,133,118,110,124,136,0,0,0,0,0,0,0
1992,63,65,64,67,121,109,66,0,0,0,0,0,0,0
1993,43,57,79,55,72,75,41,0,0,0,0,0,0,0
1994,152,131,137,156,148,145,151,0,0,0,0,0,0,0
1995,59,57,64,67,66,80,61,0,0,0,0,0,0,0
1996,81,80,87,86,88,84,85,0,0,0,0,0,0,0
1997,302,295,281,241,101,116,309,0,0,0,0,0,0,0
1998,518,518,568,521,328,322,565,0,0,0,0,0,0,0
1999,292,297,298,337,398,438,310,0,0,0,0,0,0,0
2000,167,169,158,140,70,62,164,0,0,0,0,0,0,0
